coding_block,occ1990dd,census_code,employed_thousands
2003_2010,4,10,13091.620924366669
2003_2010,7,120,8890.833112208333
2003_2010,8,130,2175.3161519916666
2003_2010,13,40,591.540508475
2003_2010,13,50,7050.189380933334
2003_2010,13,60,484.0916737416666
2003_2010,13,2820,1108.3642352416666
2003_2010,14,230,6392.852699441667
2003_2010,15,350,4153.2987119750005
2003_2010,18,410,4753.6419183
2003_2010,19,320,370.33623895
2003_2010,22,20,7339.375081708334
2003_2010,22,100,755.9880572083333
2003_2010,22,110,3385.1662356083334
2003_2010,22,140,2165.1792916
2003_2010,22,220,8028.917679883332
2003_2010,22,300,843.5331452333332
2003_2010,22,310,7630.662865808333
2003_2010,22,330,112.43952900833332
2003_2010,22,340,1279.1342868499999
2003_2010,22,360,101.27924455833333
2003_2010,22,420,2549.9174591416663
2003_2010,22,430,27379.34357065
2003_2010,22,600,872.7294999583333
2003_2010,22,720,355.92893122500004
2003_2010,22,4300,1109.4893401083334
2003_2010,23,800,13802.609841183334
2003_2010,23,930,563.3669745166667
2003_2010,24,860,799.13632785
2003_2010,25,820,441.5696893416667
2003_2010,25,830,227.99920989999998
2003_2010,25,840,720.5340913416667
2003_2010,25,850,2990.9911470666666
2003_2010,25,910,3317.3270044250003
2003_2010,25,940,787.1366458583333
2003_2010,25,950,417.239682375
2003_2010,26,710,4886.551648158334
2003_2010,27,620,6075.124198558335
2003_2010,28,510,84.02072871666667
2003_2010,29,520,1599.8729234
2003_2010,33,150,1449.2429891083334
2003_2010,33,530,2110.2937078833334
2003_2010,34,500,349.97433160833333
2003_2010,35,6660,812.5829650999999
2003_2010,36,560,1248.0267524666667
2003_2010,36,900,68.31845636666667
2003_2010,37,730,1892.5262444
2003_2010,43,1300,1704.2054183499997
2003_2010,44,1320,917.9824882666667
2003_2010,45,1450,290.94767232500004
2003_2010,47,1520,160.22614276666667
2003_2010,48,1350,531.3446241583332
2003_2010,53,1360,2581.1348774083335
2003_2010,55,1400,635.0578238249999
2003_2010,55,1410,2759.8741279166666
2003_2010,56,1430,1401.7987295666667
2003_2010,57,1460,2446.6538433916667
2003_2010,59,1330,23.071131358333332
2003_2010,59,1340,86.05268490833333
2003_2010,59,1420,315.2151923083333
2003_2010,59,1440,91.19855641666666
2003_2010,59,1500,68.15396935000001
2003_2010,59,1510,76.79408604999999
2003_2010,59,1530,2539.3569736666664
2003_2010,64,1000,6088.769873566665
2003_2010,64,1020,7165.230376316667
2003_2010,64,1040,2788.8429583583334
2003_2010,64,1060,752.3907696416667
2003_2010,64,1100,1621.3463407916668
2003_2010,64,1110,2920.6060188166666
2003_2010,65,700,410.8359950666667
2003_2010,65,1220,733.7895528749999
2003_2010,66,1200,178.53945395833335
2003_2010,68,1210,25.612838675
2003_2010,68,1230,253.15502108333337
2003_2010,68,1240,22.363226941666667
2003_2010,69,1700,160.498888725
2003_2010,73,1720,966.2088797666667
2003_2010,74,1710,67.153598975
2003_2010,75,1740,753.7968246500001
2003_2010,76,1760,976.6759330250001
2003_2010,77,1600,301.8722908666667
2003_2010,78,1610,875.4986580500001
2003_2010,79,1640,213.95661899166666
2003_2010,83,1650,1079.7199211500001
2003_2010,84,3060,6901.634988041667
2003_2010,85,3010,1394.0655868666665
2003_2010,86,3250,499.07779074999996
2003_2010,87,3040,279.6187445
2003_2010,88,3120,93.46075252499999
2003_2010,89,3000,531.5546965416665
2003_2010,89,3260,166.28416100833334
2003_2010,95,3130,20962.958214166665
2003_2010,96,3050,1972.4794689
2003_2010,97,3030,738.133264
2003_2010,98,3220,832.5778520416666
2003_2010,99,3150,707.177222475
2003_2010,99,3610,93.49648805
2003_2010,103,3160,1502.9266037166665
2003_2010,103,3620,535.9126942583333
2003_2010,104,3140,134.984272275
2003_2010,104,3230,925.553628925
2003_2010,105,3200,118.56501046666666
2003_2010,105,3210,149.81911968333333
2003_2010,105,3240,878.7853676416665
2003_2010,106,3110,670.64553435
2003_2010,154,2200,9791.767313074999
2003_2010,155,2300,5491.557242083333
2003_2010,156,2310,22045.30350475
2003_2010,157,2320,9317.016829775
2003_2010,158,2330,3099.6372952250003
2003_2010,159,2340,5804.350920741666
2003_2010,159,2540,7722.453171916667
2003_2010,159,2550,705.9663659416667
2003_2010,163,2000,5291.308695141666
2003_2010,164,2430,1691.9862574916665
2003_2010,165,2400,318.8575871666667
2003_2010,166,1800,220.3116076833333
2003_2010,166,1810,1077.846864125
2003_2010,167,1820,1450.494686325
2003_2010,169,1830,34.5256159
2003_2010,169,1860,325.8462876583334
2003_2010,173,1840,232.38006878333334
2003_2010,174,2010,5631.123057058334
2003_2010,176,2040,3393.6101622833335
2003_2010,176,2050,439.17065842500006
2003_2010,176,2060,728.1863507333334
2003_2010,177,2020,2427.8887228083336
2003_2010,178,2100,8467.703917525
2003_2010,183,2850,1480.1480680333334
2003_2010,184,2840,423.4071721083334
2003_2010,185,2630,6430.571257241667
2003_2010,186,2750,1483.4296909749999
2003_2010,187,2700,247.7513516
2003_2010,187,2710,1120.8822442416667
2003_2010,188,2600,1741.4367904
2003_2010,189,2910,1287.0828255416668
2003_2010,193,2740,199.61188805833336
2003_2010,194,2760,295.567071925
2003_2010,194,2860,614.0890997416667
2003_2010,195,2810,667.9623037083334
2003_2010,195,2830,1300.759639483333
2003_2010,195,2920,328.7643229583333
2003_2010,198,2800,436.67178779999995
2003_2010,199,2720,2027.6032922916665
2003_2010,199,7520,33.068546874999996
2003_2010,203,3300,2657.7287762083333
2003_2010,204,3310,1109.7994362166667
2003_2010,205,3510,821.3475030000001
2003_2010,206,3320,2386.4252195416666
2003_2010,207,3500,4424.297999133333
2003_2010,208,3400,1208.2673462750001
2003_2010,208,3530,994.4759554916667
2003_2010,208,3540,456.46974359999996
2003_2010,214,1550,3217.607448508333
2003_2010,214,1960,1200.6642949333336
2003_2010,217,1540,1466.6287285083333
2003_2010,218,1310,350.34160049166667
2003_2010,218,1560,683.8461758666666
2003_2010,223,1900,194.14324567499997
2003_2010,223,1910,174.522655525
2003_2010,224,1920,563.3355248166666
2003_2010,225,1930,119.26162401666666
2003_2010,226,9030,970.2290058916667
2003_2010,227,9040,294.85576585
2003_2010,228,2900,749.0078961666667
2003_2010,228,2960,3.78086695
2003_2010,229,1010,4297.2400694
2003_2010,233,7900,441.62731569999994
2003_2010,234,2140,2700.9442161166667
2003_2010,234,2150,1926.8645259333334
2003_2010,235,1940,27.755817658333335
2003_2010,243,4700,27040.264072583333
2003_2010,243,4710,10678.165494441666
2003_2010,253,4810,4319.0668323
2003_2010,254,810,915.4773157750001
2003_2010,254,4920,7546.7715590083335
2003_2010,255,4820,2987.2529278583334
2003_2010,256,4800,1716.6244197833332
2003_2010,258,4930,302.4091397416667
2003_2010,275,4740,1312.9861720333333
2003_2010,275,4750,1055.5775970500001
2003_2010,275,4760,26357.78269789167
2003_2010,275,4840,4152.62744225
2003_2010,275,4850,11013.195279024998
2003_2010,275,4940,1233.3734258916666
2003_2010,275,4960,1962.7406024833333
2003_2010,276,4720,24394.72019353333
2003_2010,276,5130,102.95329501666669
2003_2010,277,4950,2082.6125862583335
2003_2010,283,4900,554.2295453083334
2003_2010,303,5000,12815.263694950001
2003_2010,308,5800,1284.5150805583335
2003_2010,313,5700,27105.146027508334
2003_2010,315,5820,1906.3672886250001
2003_2010,315,5830,46.889742375
2003_2010,316,5230,441.5797394333334
2003_2010,316,5310,1236.9155193166666
2003_2010,316,5340,169.62032927500002
2003_2010,317,5300,987.7588811333334
2003_2010,318,4830,714.9843740583332
2003_2010,318,5410,1158.2632451333334
2003_2010,319,5400,10970.923620925
2003_2010,326,5210,63.72344105833333
2003_2010,326,5350,928.3989741416667
2003_2010,328,5360,445.6936899
2003_2010,329,2440,347.7657104166667
2003_2010,329,5320,949.084949175
2003_2010,335,5260,2962.2775009249995
2003_2010,336,5200,77.4113201
2003_2010,336,5420,799.8144216916667
2003_2010,337,5120,11631.043333508333
2003_2010,338,5140,1304.1804937
2003_2010,344,5110,3660.405205741667
2003_2010,346,5560,762.1297626166667
2003_2010,347,5900,412.2867902583334
2003_2010,348,5010,398.4443162416667
2003_2010,348,5020,380.08467199166665
2003_2010,354,5540,1273.2416272333332
2003_2010,355,5550,2752.8013086916662
2003_2010,356,5850,1002.1643766666666
2003_2010,357,5510,2165.4336743916665
2003_2010,359,5520,2243.477504283333
2003_2010,364,5500,158.68376940833332
2003_2010,364,5610,4355.960171566667
2003_2010,365,5150,199.5191992
2003_2010,365,5620,11531.089613766666
2003_2010,366,5530,360.82507925
2003_2010,368,5630,556.862000675
2003_2010,373,160,1970.5126150916667
2003_2010,373,5600,2220.1810450416665
2003_2010,375,540,2316.3184672916664
2003_2010,375,5840,2121.625847783333
2003_2010,376,5240,14858.560839325
2003_2010,376,5330,1296.1410692833333
2003_2010,377,5250,544.784266025
2003_2010,378,5100,1734.5612720666666
2003_2010,379,5860,8157.853650825
2003_2010,383,5160,3502.166898583333
2003_2010,384,5910,112.10077530833333
2003_2010,385,5810,3637.9260392999995
2003_2010,386,5920,178.65097726666664
2003_2010,389,5220,812.6786318833333
2003_2010,389,5930,4450.819055941666
2003_2010,405,4230,11266.685533508333
2003_2010,408,8300,1614.111276125
2003_2010,415,3730,783.5093273166667
2003_2010,417,3720,378.0260033416667
2003_2010,417,3740,2187.1828228583336
2003_2010,417,3750,159.64151399166667
2003_2010,418,3710,913.3643730916667
2003_2010,418,3820,1075.5265330083332
2003_2010,418,3850,5378.688450041666
2003_2010,418,3860,33.10138444166667
2003_2010,418,3910,661.0568961666667
2003_2010,423,3700,342.812178275
2003_2010,423,3800,3369.914286958333
2003_2010,423,3830,39.958081316666664
2003_2010,423,3840,61.70255985
2003_2010,425,3940,427.97985919166666
2003_2010,426,3920,6938.42802015
2003_2010,427,3900,88.56039069166667
2003_2010,427,3950,1172.751205375
2003_2010,434,4040,3022.2818156416665
2003_2010,435,4110,15745.350770233334
2003_2010,436,4000,2593.8629015166666
2003_2010,436,4010,4938.933819241667
2003_2010,436,4020,15267.9704761
2003_2010,439,4050,2479.8792508916667
2003_2010,444,4030,5494.570813483333
2003_2010,444,4060,2514.0134575666666
2003_2010,444,4120,1365.002622475
2003_2010,444,4130,2957.053352391667
2003_2010,444,4140,2196.4037844083336
2003_2010,444,4160,43.598966358333335
2003_2010,445,3640,2147.9133039666667
2003_2010,447,3600,15146.227642099999
2003_2010,447,3650,6136.07514145
2003_2010,447,4610,6066.975853808333
2003_2010,448,4200,2082.069296975
2003_2010,450,4210,1907.165327225
2003_2010,451,4250,9853.558707049999
2003_2010,453,4220,16768.674920658334
2003_2010,455,4240,581.845063425
2003_2010,457,4500,782.892842725
2003_2010,458,4510,6074.3454619583335
2003_2010,458,4520,1788.8044984333335
2003_2010,459,4400,853.3617313833333
2003_2010,459,4430,1332.6276110333333
2003_2010,461,4540,284.637247075
2003_2010,462,4420,376.62425645
2003_2010,464,4530,586.7135007583333
2003_2010,466,4620,2713.0261035500002
2003_2010,467,4410,67.85696073333334
2003_2010,468,4600,10575.505709275
2003_2010,468,4640,474.46584269166664
2003_2010,469,3630,1043.0422506083335
2003_2010,469,4150,2087.3798053250002
2003_2010,469,4460,110.59590268333332
2003_2010,469,4650,773.3299917583333
2003_2010,469,9750,419.38086132499996
2003_2010,470,4320,1394.4262732083334
2003_2010,471,4550,1004.0560522333333
2003_2010,471,9410,367.81522309166667
2003_2010,472,4350,1157.163051125
2003_2010,473,210,6229.97086175
2003_2010,475,200,1731.479371125
2003_2010,475,6020,71.91058366666667
2003_2010,479,4340,335.2717573416666
2003_2010,479,6050,5610.122233725
2003_2010,488,6040,596.6818689333334
2003_2010,489,6010,156.84232651666667
2003_2010,496,6000,399.1870320833333
2003_2010,496,6120,109.821401575
2003_2010,496,6130,616.56619895
2003_2010,498,6100,291.214959675
2003_2010,498,6110,13.561454566666669
2003_2010,503,7000,2692.3288856833333
2003_2010,505,7200,6987.557236791667
2003_2010,507,7210,2789.9351612000005
2003_2010,508,7140,1100.9440204583332
2003_2010,509,7240,483.74920737499997
2003_2010,514,7150,1345.2374675249998
2003_2010,514,7160,166.44246956666666
2003_2010,516,7220,1768.2036188833333
2003_2010,516,7260,716.1612591333333
2003_2010,518,7330,3504.9679619083336
2003_2010,519,7350,351.2163582333333
2003_2010,523,7100,120.92076448333333
2003_2010,523,7120,473.9297701166667
2003_2010,525,7010,2707.5561053500005
2003_2010,526,7320,410.3821250666666
2003_2010,527,7020,1654.8919843583335
2003_2010,527,7420,1419.2872059499998
2003_2010,533,7030,110.28518168333333
2003_2010,533,7050,30.80178755
2003_2010,533,7110,199.34648496666668
2003_2010,534,7310,3069.2609546500003
2003_2010,535,7430,500.08649755833335
2003_2010,535,8750,386.9958044833333
2003_2010,536,7540,224.54281660000004
2003_2010,539,7300,183.49653565
2003_2010,543,6700,247.7524067083333
2003_2010,544,7360,498.48962455
2003_2010,549,7340,3105.5884378500004
2003_2010,549,7550,110.40558695833333
2003_2010,549,7560,60.499909425
2003_2010,549,7620,1781.4611045249999
2003_2010,558,6200,6933.164686700001
2003_2010,563,6220,1724.3813439916667
2003_2010,563,6240,2028.0635721666667
2003_2010,567,6230,12897.10785015
2003_2010,573,6330,1746.7206541166668
2003_2010,575,6350,6543.544900600001
2003_2010,575,7130,511.2596503666666
2003_2010,577,7040,287.7531004333333
2003_2010,577,7410,912.5136989083335
2003_2010,577,7600,45.13176125833333
2003_2010,579,6420,5247.280021716666
2003_2010,583,6430,76.54945097499998
2003_2010,584,6460,428.07218231666667
2003_2010,585,6440,4922.495571991666
2003_2010,588,6250,825.8928771083334
2003_2010,589,6360,375.2714647166667
2003_2010,593,6400,355.181067625
2003_2010,593,6720,229.6283279
2003_2010,594,6300,185.37107399166666
2003_2010,595,6510,1952.2230644416666
2003_2010,597,6500,78.94299953333335
2003_2010,597,6530,547.7622973499999
2003_2010,597,7740,230.10686405833334
2003_2010,598,6820,220.31758391666668
2003_2010,599,6310,26.470136816666667
2003_2010,599,6520,1093.34189055
2003_2010,599,6710,291.063006625
2003_2010,599,6760,333.92953892500003
2003_2010,614,6800,277.13448999166667
2003_2010,614,6920,36.647938016666664
2003_2010,615,6830,68.98941813333332
2003_2010,616,6840,391.73868216666665
2003_2010,617,6910,33.851020883333334
2003_2010,617,6940,331.95334281666663
2003_2010,628,7700,6855.588497016666
2003_2010,634,8130,643.9706692666667
2003_2010,637,8030,3347.5921715666664
2003_2010,643,6210,171.48080519166663
2003_2010,644,8210,78.88653329166667
2003_2010,645,8060,74.97555528333334
2003_2010,645,8440,34.28849518333333
2003_2010,645,8520,3.8064585083333333
2003_2010,649,8910,86.24887768333335
2003_2010,653,8160,62.68913007500001
2003_2010,657,8500,639.1356754916667
2003_2010,658,8510,195.8342892
2003_2010,666,8350,734.8399847249998
2003_2010,668,8450,407.11481174999994
2003_2010,669,8330,85.38391933333334
2003_2010,675,8920,298.775026375
2003_2010,677,3520,408.30997311666664
2003_2010,678,3410,3494.5483778583334
2003_2010,678,8760,782.14685765
2003_2010,679,8230,267.655859525
2003_2010,684,8120,49.607906558333326
2003_2010,686,7810,2427.0511832166667
2003_2010,687,7800,1528.6351632166668
2003_2010,688,7840,721.4120852
2003_2010,694,8620,583.2093135833334
2003_2010,695,8600,344.9997204499999
2003_2010,696,8610,812.3240494166666
2003_2010,699,8630,309.63759139166666
2003_2010,703,8010,150.270457275
2003_2010,703,8020,39.44366948333334
2003_2010,706,7950,915.1885286333332
2003_2010,707,7940,108.09914655
2003_2010,708,7960,43.746405033333325
2003_2010,709,8000,483.6681873333333
2003_2010,713,7930,81.49763971666667
2003_2010,719,8100,498.497371425
2003_2010,723,8200,155.30813918333334
2003_2010,724,8150,64.91649559166666
2003_2010,727,8530,382.90533988333334
2003_2010,729,8540,283.3816076666667
2003_2010,733,8220,3182.4890300916663
2003_2010,733,8550,229.44097935000002
2003_2010,734,8240,444.4810748833333
2003_2010,736,8250,375.29844934166664
2003_2010,736,8260,1564.2025213416669
2003_2010,738,8420,203.14663229999996
2003_2010,739,8410,121.23225164166668
2003_2010,743,8400,95.55216733333333
2003_2010,744,8320,2045.939311033333
2003_2010,745,8340,47.99662231666666
2003_2010,747,8310,522.019226325
2003_2010,749,8360,39.93531500833333
2003_2010,749,8460,213.282430125
2003_2010,753,8850,121.01307398333334
2003_2010,754,8800,2226.098216616667
2003_2010,755,7920,110.16748975833333
2003_2010,755,8430,15.214258508333332
2003_2010,755,8720,313.67102074166667
2003_2010,756,8650,839.6473833833332
2003_2010,757,8640,458.15283705
2003_2010,763,7830,102.82641889166666
2003_2010,764,8860,85.46731018333335
2003_2010,765,8930,387.53253070000005
2003_2010,766,8040,212.90017530833336
2003_2010,766,8730,125.78985081666666
2003_2010,769,7850,94.05908614166667
2003_2010,769,8710,677.0911956499999
2003_2010,774,8830,494.7642412
2003_2010,779,8810,1406.2186639333331
2003_2010,779,8840,32.24360574166667
2003_2010,779,8900,27.457193025000002
2003_2010,779,8940,154.8678524083333
2003_2010,779,8960,7472.946075391667
2003_2010,783,8140,4339.039740733333
2003_2010,785,7710,119.24944484166667
2003_2010,785,7720,1595.6688898833333
2003_2010,785,7730,156.97639569166665
2003_2010,785,7750,8154.499728275001
2003_2010,799,8740,5543.9901930999995
2003_2010,803,9000,1782.6765574833335
2003_2010,804,7510,420.0702649333333
2003_2010,804,9130,26433.4310438
2003_2010,804,9600,4326.473729875001
2003_2010,808,9120,4813.107856633333
2003_2010,809,9110,102.93923495000001
2003_2010,809,9140,2614.3866234083334
2003_2010,809,9150,508.44115130833325
2003_2010,813,9350,614.6826010249999
2003_2010,823,9240,428.4345348833333
2003_2010,824,9200,404.50989876666665
2003_2010,824,9260,108.935928875
2003_2010,825,9230,67.81660083333333
2003_2010,829,9300,157.85182656666666
2003_2010,829,9310,291.95020432499996
2003_2010,829,9330,38.52100154166667
2003_2010,834,9340,38.72577525833333
2003_2010,844,6320,3158.8284190333334
2003_2010,848,9510,494.78271390000003
2003_2010,848,9560,49.84631813333334
2003_2010,853,9520,538.8009746416667
2003_2010,859,9500,55.21970069166667
2003_2010,859,9650,176.81896902500003
2003_2010,859,9730,33.72412038333333
2003_2010,859,9740,47.201943324999995
2003_2010,865,7610,220.0661362666667
2003_2010,866,6600,837.0761116
2003_2010,869,6260,11698.363725308333
2003_2010,869,6730,802.2237099416668
2003_2010,869,6930,43.10117601666666
2003_2010,873,8950,424.08318675
2003_2010,875,9720,657.1898098666667
2003_2010,878,9630,323.0569009916667
2003_2010,885,9360,758.9779691250001
2003_2010,887,9610,2692.857164316667
2003_2010,888,9640,3322.8596959999995
2003_2010,889,6740,97.399285075
2003_2010,889,6750,81.84916725833334
2003_2010,889,9420,133.877598275
2003_2010,889,9620,14475.197761316665
2011_2019,4,10,14168.964395675
2011_2019,7,120,10751.275979366668
2011_2019,8,135,170.05928530000003
2011_2019,8,136,2464.8586424083333
2011_2019,8,137,412.4756996083334
2011_2019,13,40,561.3214033
2011_2019,13,50,9229.772960108334
2011_2019,13,60,586.66854115
2011_2019,13,2825,1263.4937064166666
2011_2019,14,230,8041.50632915
2011_2019,15,350,5525.106559808332
2011_2019,18,410,6213.532056441666
2011_2019,19,325,16.883754841666665
2011_2019,19,4465,306.96177112500004
2011_2019,22,20,8964.658829158332
2011_2019,22,100,1394.8178452416664
2011_2019,22,110,5550.717116533334
2011_2019,22,140,2424.182749233333
2011_2019,22,220,8092.531919933333
2011_2019,22,300,1155.6464316999998
2011_2019,22,310,10427.137752008333
2011_2019,22,330,199.55816619166666
2011_2019,22,340,1390.8554886666666
2011_2019,22,360,145.23880385
2011_2019,22,420,3443.7020488333333
2011_2019,22,430,38662.77648214167
2011_2019,22,600,1050.527358825
2011_2019,22,725,1254.9967185833332
2011_2019,22,4300,1557.6700206500002
2011_2019,23,800,16200.164307925003
2011_2019,23,930,574.8246113416667
2011_2019,24,860,965.7768491833334
2011_2019,25,820,471.1718335416666
2011_2019,25,830,243.7310353916667
2011_2019,25,840,2130.376689466667
2011_2019,25,850,4196.958282833333
2011_2019,25,910,3125.683201825
2011_2019,25,940,955.08825395
2011_2019,25,950,637.5690252666667
2011_2019,26,710,7741.856703683334
2011_2019,27,630,5934.181117016667
2011_2019,27,640,595.5390796166666
2011_2019,27,650,1157.2806227583333
2011_2019,28,510,114.35008863333334
2011_2019,29,520,1810.628260225
2011_2019,33,150,1854.6958233083335
2011_2019,33,530,2412.4748423416668
2011_2019,34,500,442.5947087833333
2011_2019,35,6660,858.5443246166666
2011_2019,36,565,2191.352159291667
2011_2019,36,900,129.824701125
2011_2019,37,425,73.67815809166667
2011_2019,37,740,2203.669487116667
2011_2019,43,1300,1899.2768672916668
2011_2019,44,1320,1250.5361902000002
2011_2019,45,1450,342.0362219166667
2011_2019,47,1520,287.77311377499996
2011_2019,48,1350,683.5540755999999
2011_2019,53,1360,3630.602100775
2011_2019,55,1400,711.1348350916667
2011_2019,55,1410,2652.0739175
2011_2019,56,1430,1904.7038177333334
2011_2019,57,1460,2943.77354485
2011_2019,59,1330,2.408536925
2011_2019,59,1340,129.37889915
2011_2019,59,1420,335.42690922500003
2011_2019,59,1440,102.85500204166667
2011_2019,59,1500,103.70893635
2011_2019,59,1510,83.65383774166668
2011_2019,59,1530,4256.264580966667
2011_2019,64,1005,206.80850007499998
2011_2019,64,1006,4941.152812616666
2011_2019,64,1007,700.541304125
2011_2019,64,1020,12334.134046725001
2011_2019,64,1030,1799.996160975
2011_2019,64,1050,4671.3968441
2011_2019,64,1060,935.1107781499999
2011_2019,64,1105,1919.981622925
2011_2019,64,1106,1037.3190834166667
2011_2019,64,1107,4953.6264685999995
2011_2019,65,700,999.1295516166666
2011_2019,65,1220,1196.6701110749998
2011_2019,66,1200,230.06164964166663
2011_2019,68,1210,3.9730227916666667
2011_2019,68,1230,53.23072535833333
2011_2019,68,1240,708.3717908166667
2011_2019,69,1700,164.19810406666664
2011_2019,73,1720,931.9859302916666
2011_2019,74,1710,90.52540160833334
2011_2019,75,1740,874.3622614333334
2011_2019,76,1760,2046.4947585999998
2011_2019,77,1600,322.4560006666667
2011_2019,78,1610,924.7497566166668
2011_2019,79,1640,238.533159825
2011_2019,83,1650,1404.0860976333336
2011_2019,83,1660,0.6805485250000001
2011_2019,84,3060,9039.694414841666
2011_2019,85,3010,1568.5398494
2011_2019,86,3250,813.32321235
2011_2019,87,3040,375.1526181583333
2011_2019,88,3120,11.170709591666668
2011_2019,89,3000,539.84148195
2011_2019,89,3260,261.7046727833333
2011_2019,95,3255,27121.689028175
2011_2019,95,3256,257.5210083083333
2011_2019,95,3257,6.225142108333333
2011_2019,95,3258,1439.8417907916667
2011_2019,96,3050,2751.5113063
2011_2019,97,3030,1028.4681800833332
2011_2019,98,3220,981.9094000583333
2011_2019,99,3150,1063.046911425
2011_2019,99,3610,208.67635136666667
2011_2019,103,3160,2317.3671557083335
2011_2019,103,3620,691.6654418416666
2011_2019,104,3140,139.37987499166667
2011_2019,104,3230,1339.9340171416666
2011_2019,105,3200,126.98904001666665
2011_2019,105,3210,95.84226608333333
2011_2019,105,3235,2.0694754583333332
2011_2019,105,3245,1742.9955245666667
2011_2019,106,3110,949.1885485083335
2011_2019,154,2200,12297.979968833333
2011_2019,155,2300,6235.864945275
2011_2019,156,2310,28524.28529473333
2011_2019,157,2320,9783.231174241666
2011_2019,158,2330,3279.44627345
2011_2019,159,2340,7871.674678108333
2011_2019,159,2540,8594.906232425
2011_2019,159,2550,1512.5812931500002
2011_2019,163,2000,7222.565387974999
2011_2019,164,2430,1683.0877752083336
2011_2019,165,2400,429.9215527916667
2011_2019,166,735,2582.1269528999997
2011_2019,166,1800,275.62113799166667
2011_2019,166,1815,4.033652975
2011_2019,167,1820,1798.1261263833335
2011_2019,169,1830,5.465402908333334
2011_2019,169,1860,472.07936820000003
2011_2019,173,1840,247.33541704166663
2011_2019,174,2010,7052.214163308333
2011_2019,176,2040,3815.186656025
2011_2019,176,2050,613.6507098916666
2011_2019,176,2060,674.9989218999999
2011_2019,177,2015,887.7657882083332
2011_2019,177,2016,1651.1187664
2011_2019,177,2025,829.1860445833331
2011_2019,178,2100,10840.741647824998
2011_2019,178,2105,108.84036294166667
2011_2019,183,2850,1978.1272216333332
2011_2019,184,2840,586.6772526166666
2011_2019,185,2630,7806.480764283333
2011_2019,186,2750,1782.4092064833335
2011_2019,187,2700,368.57466980833334
2011_2019,187,2710,1493.4630626166665
2011_2019,188,2600,1967.4847996916667
2011_2019,189,2910,1680.5384321083336
2011_2019,193,2740,183.28251280833334
2011_2019,194,2760,434.5495449416666
2011_2019,194,2860,898.8530223416667
2011_2019,195,2810,719.0648001583332
2011_2019,195,2830,1448.6034777416667
2011_2019,195,2920,604.9188993749999
2011_2019,198,2800,490.6229729666667
2011_2019,199,2720,2799.6610357833333
2011_2019,199,7520,0.8118330333333333
2011_2019,203,3300,2985.844154258333
2011_2019,204,3310,1574.4177673333336
2011_2019,205,3510,1341.20917875
2011_2019,206,3320,3046.5685732750003
2011_2019,207,3500,5604.267679483333
2011_2019,208,3400,1825.1914382000002
2011_2019,208,3535,1251.9327944083332
2011_2019,208,3540,1016.425633875
2011_2019,214,1550,3607.703862583334
2011_2019,214,1950,3.3880248749999997
2011_2019,214,1965,1480.2898151666668
2011_2019,217,1540,1184.8549827416668
2011_2019,218,1310,385.2466347083333
2011_2019,218,1560,622.3415974
2011_2019,223,1900,271.8067524
2011_2019,223,1910,186.66212148333332
2011_2019,224,1920,618.0609605833333
2011_2019,225,1930,156.31994701666665
2011_2019,226,9030,1181.4765110083333
2011_2019,227,9040,308.93481019166666
2011_2019,228,2900,1026.9772861166666
2011_2019,228,2960,3.6323093333333336
2011_2019,229,1010,4291.931111733334
2011_2019,233,7900,785.0374328583333
2011_2019,234,2145,3800.6920322916676
2011_2019,234,2160,1755.2378649166665
2011_2019,235,1940,4.090620041666666
2011_2019,243,4700,29417.450641616666
2011_2019,243,4710,10792.796426366669
2011_2019,253,4810,5332.815675433333
2011_2019,254,810,789.8613845416667
2011_2019,254,4920,8288.190593541667
2011_2019,255,4820,2327.324637675
2011_2019,256,4800,2029.6893835
2011_2019,258,4930,324.83837645000006
2011_2019,275,726,775.88519625
2011_2019,275,4740,1030.2650205083332
2011_2019,275,4750,1069.602845675
2011_2019,275,4760,29420.65820876667
2011_2019,275,4840,4469.538533191667
2011_2019,275,4850,11631.998624425
2011_2019,275,4940,659.7635656000001
2011_2019,275,4965,2272.0257293416666
2011_2019,276,4720,29381.95142884167
2011_2019,276,5130,102.33743817499999
2011_2019,277,4950,1545.2315584666665
2011_2019,283,4900,602.8731338833333
2011_2019,303,5000,12590.472113083333
2011_2019,308,5800,789.208360275
2011_2019,313,5700,25417.7881762
2011_2019,315,5820,864.1375885666666
2011_2019,315,5830,2.7729837083333333
2011_2019,316,5230,419.159463825
2011_2019,316,5310,1325.8533593833336
2011_2019,316,5340,238.91007878333335
2011_2019,317,5300,1148.6189119666667
2011_2019,318,4830,725.7366887416666
2011_2019,318,5410,1058.3051623583333
2011_2019,319,5400,11629.984605966667
2011_2019,326,5210,14.208346474999999
2011_2019,326,5350,951.7507886333333
2011_2019,328,5360,671.4937003083334
2011_2019,329,2440,334.4777118916666
2011_2019,329,5320,872.7622200999999
2011_2019,335,5260,2021.9885092000004
2011_2019,336,5200,43.88311440833333
2011_2019,336,5420,999.3533082333333
2011_2019,337,5120,10551.852310208335
2011_2019,338,5140,1300.903939691667
2011_2019,344,5110,4309.638186941666
2011_2019,346,5560,570.3571410750001
2011_2019,347,5900,333.11959156666666
2011_2019,348,5010,232.79640095833332
2011_2019,348,5020,338.2383588333333
2011_2019,354,5540,1093.1494897583334
2011_2019,355,5550,2875.841061175
2011_2019,356,5850,682.8531530166666
2011_2019,357,5510,2296.6023859583333
2011_2019,359,5520,2476.625448975
2011_2019,364,5500,197.25501595
2011_2019,364,5610,5148.720403458333
2011_2019,365,5150,269.6448462166667
2011_2019,365,5620,13640.21506464167
2011_2019,366,5530,238.3839591
2011_2019,368,5630,600.988310175
2011_2019,373,160,2502.969631433333
2011_2019,373,5600,2404.5188674083333
2011_2019,375,540,2946.429208083333
2011_2019,375,5840,2366.8698158166667
2011_2019,376,5240,20383.103437008333
2011_2019,376,5330,1198.56320465
2011_2019,377,5250,675.5907585499999
2011_2019,378,5100,1460.705223683333
2011_2019,379,5860,11150.816270158333
2011_2019,383,5160,3135.784155258333
2011_2019,384,5910,82.87787924166668
2011_2019,385,5810,2619.334852533333
2011_2019,386,5920,242.66760285833334
2011_2019,389,5165,670.3563267249999
2011_2019,389,5220,743.3201617583334
2011_2019,389,5940,4858.918117474999
2011_2019,405,4230,13349.214080183332
2011_2019,408,8300,1492.9437461833334
2011_2019,415,3730,801.6596098666666
2011_2019,417,3720,452.3738403916667
2011_2019,417,3740,2659.7477990916664
2011_2019,417,3750,187.538771475
2011_2019,418,3710,949.8037640666666
2011_2019,418,3820,1373.3412441750002
2011_2019,418,3850,6269.511313366666
2011_2019,418,3860,8.897610125
2011_2019,418,3910,860.67837075
2011_2019,423,3700,428.19419710833336
2011_2019,423,3800,3640.4691557249994
2011_2019,423,3830,6.846873941666667
2011_2019,423,3840,104.21489878333333
2011_2019,425,3940,561.3559950416667
2011_2019,426,3930,8247.826113158333
2011_2019,426,3945,326.13165784166665
2011_2019,427,3900,95.30861041666665
2011_2019,427,3955,1336.1875710250001
2011_2019,434,4040,3901.6223809000003
2011_2019,435,4110,18719.4856965
2011_2019,436,4000,3853.4377993666667
2011_2019,436,4010,4949.6941768083325
2011_2019,436,4020,18477.764925141666
2011_2019,439,4050,3417.9086477166666
2011_2019,444,4030,8486.642063083333
2011_2019,444,4060,2078.7196363166668
2011_2019,444,4120,1854.5014004916666
2011_2019,444,4130,3142.2645202249996
2011_2019,444,4140,2513.572010525
2011_2019,444,4160,5.0953967916666665
2011_2019,445,3640,2597.8189117333336
2011_2019,447,3600,18421.359689074998
2011_2019,447,3645,4606.152862641667
2011_2019,447,3646,442.8105457583333
2011_2019,447,3647,368.3957972666667
2011_2019,447,3648,421.8582293
2011_2019,447,3649,1035.279907775
2011_2019,447,3655,1607.9457384333334
2011_2019,447,4610,11497.151371333332
2011_2019,448,4200,2811.768671208333
2011_2019,450,4210,2265.0186312166666
2011_2019,451,4250,12010.10856354167
2011_2019,453,4220,20509.832881216666
2011_2019,455,4240,752.9959532916668
2011_2019,457,4500,1084.9824944333332
2011_2019,458,4510,7068.627011866667
2011_2019,458,4520,3111.5704391833333
2011_2019,459,4400,889.5940506750001
2011_2019,459,4430,1808.0946944166667
2011_2019,461,4540,491.1291328416666
2011_2019,462,4420,381.8751868583333
2011_2019,464,4530,737.222525125
2011_2019,466,4620,3949.8676075416665
2011_2019,467,4410,33.913731075
2011_2019,468,4600,11160.581990949999
2011_2019,468,4640,396.3199509333333
2011_2019,469,3630,1524.7073892416668
2011_2019,469,4150,2805.580056891667
2011_2019,469,4460,123.92671689166667
2011_2019,469,4650,1248.6316739416666
2011_2019,469,9750,476.08913182500004
2011_2019,470,4320,1901.1618079333332
2011_2019,471,9050,849.5029239666668
2011_2019,471,9410,334.866513375
2011_2019,471,9415,318.4717830833333
2011_2019,472,4350,2059.4521214083334
2011_2019,473,205,8898.119819816666
2011_2019,475,6020,10.940257416666666
2011_2019,479,4340,452.7652564666667
2011_2019,479,6050,7081.302830766666
2011_2019,488,6040,869.2116335666666
2011_2019,489,6010,163.98246431666666
2011_2019,496,6005,468.605195375
2011_2019,496,6120,162.10781463333333
2011_2019,496,6130,557.488461575
2011_2019,498,6100,341.64015250833336
2011_2019,498,6110,2.37495355
2011_2019,503,7000,2489.5140272333333
2011_2019,505,7200,7977.389885866666
2011_2019,507,7210,3093.366654933333
2011_2019,508,7140,1351.8150577666665
2011_2019,509,7240,443.88718216666666
2011_2019,514,7150,1303.67163355
2011_2019,514,7160,199.148553
2011_2019,516,7220,1883.2105256083335
2011_2019,516,7260,793.3944137833333
2011_2019,518,7330,3871.205866816667
2011_2019,519,7350,266.91896985
2011_2019,523,7100,153.885347925
2011_2019,523,7120,379.938749775
2011_2019,525,7010,2187.370172066667
2011_2019,526,7320,427.6837581166667
2011_2019,527,7020,1271.6999578083335
2011_2019,527,7420,1677.5216422166668
2011_2019,533,7030,95.18090095
2011_2019,533,7050,7.950507141666668
2011_2019,533,7110,131.45803086666666
2011_2019,534,7315,3663.069034341667
2011_2019,535,7430,627.0407317833333
2011_2019,535,8750,390.19293931666664
2011_2019,536,7540,272.1729767333333
2011_2019,539,7300,225.42804201666664
2011_2019,543,6700,264.04303823333333
2011_2019,544,7360,457.99982538333336
2011_2019,549,7340,4495.919585766666
2011_2019,549,7440,1.9914811833333337
2011_2019,549,7550,56.35170754166667
2011_2019,549,7560,116.17167371666666
2011_2019,549,7630,1923.914768033333
2011_2019,558,6200,5945.809858158333
2011_2019,563,6220,1333.6345182
2011_2019,563,6240,1494.8221201666665
2011_2019,567,6230,11665.953804808334
2011_2019,573,6330,1395.9921908750002
2011_2019,575,6355,7082.936329075001
2011_2019,575,7130,573.9607566249999
2011_2019,577,7040,253.8476776
2011_2019,577,7410,1121.0192484416666
2011_2019,577,7600,5.5717696666666665
2011_2019,579,6420,5059.138906883333
2011_2019,583,6430,7.688909616666667
2011_2019,584,6460,231.71848740833332
2011_2019,585,6440,5210.834904608333
2011_2019,588,6250,527.1573430916667
2011_2019,589,6360,394.4600742416667
2011_2019,593,6400,459.6064391833333
2011_2019,593,6720,307.2240747416667
2011_2019,594,6300,167.37202918333335
2011_2019,595,6515,1923.6673404500002
2011_2019,597,6500,75.36187575
2011_2019,597,6530,519.8517518833333
2011_2019,597,7740,246.12627080833335
2011_2019,598,6820,248.30535220833332
2011_2019,599,6310,1.798526725
2011_2019,599,6520,1145.0335414166668
2011_2019,599,6540,7.035073683333334
2011_2019,599,6710,331.8774237666667
2011_2019,599,6765,371.59781055
2011_2019,614,6800,327.92526996666663
2011_2019,614,6920,92.50315596666667
2011_2019,615,6830,79.55445428333334
2011_2019,616,6840,563.5706709250001
2011_2019,617,6910,10.967568066666667
2011_2019,617,6940,622.1046817333332
2011_2019,628,7700,7084.463725491666
2011_2019,634,8130,508.1499348833333
2011_2019,637,8030,3412.7913385916663
2011_2019,643,6210,178.97368273333336
2011_2019,644,8210,46.99897478333333
2011_2019,645,8060,8.758380558333334
2011_2019,645,8440,5.622880891666666
2011_2019,645,8520,0.6417752
2011_2019,649,8910,91.03581057500001
2011_2019,653,8160,6.611235766666667
2011_2019,657,8500,505.98812272500004
2011_2019,658,8510,125.94986785
2011_2019,666,8350,768.0290126
2011_2019,668,8450,326.34668055000003
2011_2019,669,8330,75.7205493
2011_2019,675,8920,304.418239275
2011_2019,677,3520,463.639329125
2011_2019,678,3420,5477.400577474999
2011_2019,678,8760,796.8883758583333
2011_2019,679,8256,157.36801494166664
2011_2019,684,8120,6.073200758333333
2011_2019,686,7810,2719.6563229999992
2011_2019,687,7800,1957.0906039416668
2011_2019,688,7840,824.9665227666667
2011_2019,694,8620,767.34594045
2011_2019,695,8600,373.91471115
2011_2019,696,8610,769.0157117333333
2011_2019,699,8630,360.835346325
2011_2019,703,8010,105.68082201666665
2011_2019,703,8020,5.427342425
2011_2019,706,7950,724.1163936500001
2011_2019,707,7940,146.71219986666665
2011_2019,708,7960,7.3666323
2011_2019,709,8000,439.38004064999996
2011_2019,713,7930,7.373793766666667
2011_2019,719,8100,378.69764175
2011_2019,723,8200,169.611923075
2011_2019,724,8150,4.6610377750000005
2011_2019,727,8530,290.002143275
2011_2019,729,8540,186.0613339
2011_2019,733,8220,3569.78126485
2011_2019,733,8550,238.20418644166665
2011_2019,736,8250,241.730010925
2011_2019,736,8255,1654.9048082166664
2011_2019,738,8420,109.54509881666667
2011_2019,739,8410,95.74430299166667
2011_2019,743,8400,65.52977798333333
2011_2019,744,8320,1609.2159233583332
2011_2019,745,8340,11.319896658333333
2011_2019,747,8310,367.4397268833333
2011_2019,749,8360,2.0328333083333336
2011_2019,749,8460,214.836275275
2011_2019,753,8850,81.58516229166666
2011_2019,754,8800,2435.0379212083335
2011_2019,755,7920,117.20255885833333
2011_2019,755,8430,2.182173408333333
2011_2019,755,8720,271.9823208
2011_2019,756,8650,773.0720104000001
2011_2019,757,8640,570.8335563583333
2011_2019,763,7830,117.02283786666666
2011_2019,764,8860,57.555291725000004
2011_2019,765,8930,263.65032675
2011_2019,766,8040,207.88524320000002
2011_2019,766,8730,126.22502303333333
2011_2019,769,7850,118.94397860833335
2011_2019,769,8710,584.0328531166667
2011_2019,774,8830,292.3859987833333
2011_2019,779,7855,1237.7218951999998
2011_2019,779,8810,1391.5829034166668
2011_2019,779,8840,4.832757133333333
2011_2019,779,8900,3.064142775
2011_2019,779,8940,117.39385446666667
2011_2019,779,8965,8789.964366233333
2011_2019,783,8140,5337.402016308333
2011_2019,785,7710,105.9297667
2011_2019,785,7720,1231.900765375
2011_2019,785,7730,148.51677704166664
2011_2019,785,7750,9015.018868275
2011_2019,799,8740,6675.67340765
2011_2019,803,9000,1847.0312279916664
2011_2019,804,7510,346.7471916
2011_2019,804,9130,30639.59375466667
2011_2019,804,9600,5196.902532100001
2011_2019,808,9120,5139.016912941666
2011_2019,809,9110,146.30116815833333
2011_2019,809,9140,4596.1065421
2011_2019,809,9150,583.6957495666666
2011_2019,813,9350,767.1526367666667
2011_2019,823,9240,508.0492464833333
2011_2019,824,9200,421.1966654166667
2011_2019,824,9260,120.10181146666669
2011_2019,825,9230,7.515892391666666
2011_2019,829,9300,223.50075672499997
2011_2019,829,9310,336.6560669666667
2011_2019,829,9330,9.665949408333333
2011_2019,834,9340,8.05165895
2011_2019,844,6320,3202.4141947249996
2011_2019,848,9510,594.2109378833334
2011_2019,848,9560,92.42359040833334
2011_2019,853,9520,331.44509102500007
2011_2019,859,9500,6.344254816666666
2011_2019,859,9650,196.2127443583333
2011_2019,859,9730,1.67491165
2011_2019,859,9740,4.723457783333334
2011_2019,865,7610,190.32620228333334
2011_2019,866,6600,542.2828677083334
2011_2019,869,6260,15434.930113591667
2011_2019,869,6730,948.4432964166666
2011_2019,869,6930,10.056981050000001
2011_2019,873,8950,449.1584742499999
2011_2019,875,9720,873.8004986750001
2011_2019,878,9630,250.20535773333333
2011_2019,885,9360,842.7277390666667
2011_2019,887,9610,3051.405407758333
2011_2019,888,9640,4677.111580208333
2011_2019,889,6740,98.86755874999999
2011_2019,889,6750,92.02729967499998
2011_2019,889,9420,278.50754816666665
2011_2019,889,9620,17403.598660041665
2020_2026,4,10,12274.547812203788
2020_2026,7,120,9705.348932011742
2020_2026,8,135,118.04697150227274
2020_2026,8,136,2090.854024534091
2020_2026,8,137,424.28897967462126
2020_2026,13,40,409.32087852765153
2020_2026,13,51,4272.670872517046
2020_2026,13,52,3788.9930722746208
2020_2026,13,60,872.9126718397728
2020_2026,13,2825,916.2160300738636
2020_2026,14,230,7075.3746819765165
2020_2026,15,350,5778.452373034092
2020_2026,18,410,5727.000289423107
2020_2026,19,4465,220.55215307083336
2020_2026,22,20,8899.429996988636
2020_2026,22,101,546.8084588920455
2020_2026,22,102,969.0650612587121
2020_2026,22,110,5027.6744876249995
2020_2026,22,140,2075.6452990060607
2020_2026,22,220,7904.644984992803
2020_2026,22,300,1354.8794766761364
2020_2026,22,310,8123.047831514014
2020_2026,22,335,454.8324339522727
2020_2026,22,340,867.7625916083333
2020_2026,22,360,244.67246112424243
2020_2026,22,420,3191.2054290386363
2020_2026,22,440,38718.32165362878
2020_2026,22,600,989.307522842803
2020_2026,22,705,6477.935611578788
2020_2026,22,725,1144.6639274075758
2020_2026,23,800,11894.459601982577
2020_2026,23,930,411.4417646
2020_2026,24,860,835.9245818856061
2020_2026,25,820,371.9124856878788
2020_2026,25,830,270.09054696742425
2020_2026,25,845,2728.294015300379
2020_2026,25,850,3783.365606501894
2020_2026,25,910,2589.994199557576
2020_2026,25,940,811.6524159352273
2020_2026,25,960,720.6926387026515
2020_2026,26,710,7433.392371672348
2020_2026,27,630,6372.397463583333
2020_2026,27,640,464.1844990375
2020_2026,27,650,1130.253365190909
2020_2026,28,510,68.53977622878787
2020_2026,29,520,1222.495660671591
2020_2026,33,150,1614.0765764416665
2020_2026,33,530,1913.441852230303
2020_2026,34,500,341.7107860496212
2020_2026,35,6660,766.8440835647727
2020_2026,36,565,2163.697395153788
2020_2026,36,900,141.36412592083335
2020_2026,37,425,125.91574974166666
2020_2026,37,750,3864.3727215575755
2020_2026,43,1305,1511.486736525
2020_2026,43,1306,207.4928792034091
2020_2026,44,1320,1135.6986861382575
2020_2026,45,1450,361.6473035795455
2020_2026,47,1520,182.8496759958333
2020_2026,48,1350,569.8990194704545
2020_2026,53,1360,3429.2267957912873
2020_2026,55,1400,597.4456636219697
2020_2026,55,1410,1982.80461465947
2020_2026,56,1430,1786.2110980428029
2020_2026,57,1460,2744.86814770303
2020_2026,59,1340,202.3062979337121
2020_2026,59,1420,275.0752672382576
2020_2026,59,1440,105.95950872386365
2020_2026,59,1530,4660.388374907954
2020_2026,64,1005,262.8249605473485
2020_2026,64,1006,3736.447073142424
2020_2026,64,1007,1521.6539089185605
2020_2026,64,1021,14890.368001037881
2020_2026,64,1022,541.9916789333333
2020_2026,64,1031,522.4046675079545
2020_2026,64,1032,544.307866351894
2020_2026,64,1050,4673.115082376136
2020_2026,64,1065,918.058806817803
2020_2026,64,1105,1345.058105503788
2020_2026,64,1106,747.705482085606
2020_2026,64,1108,7360.0058915340915
2020_2026,65,700,1254.5968307867422
2020_2026,65,1220,1098.3654156458333
2020_2026,66,1200,221.67294152992423
2020_2026,68,1240,2794.182386959091
2020_2026,69,1700,162.01703181439393
2020_2026,73,1720,650.661478214394
2020_2026,74,1710,87.11440847310607
2020_2026,75,1745,346.62092193901515
2020_2026,75,1750,266.2267878257576
2020_2026,76,1760,2782.528627085985
2020_2026,77,1600,195.41671936249998
2020_2026,78,1610,745.1028356465908
2020_2026,79,1640,174.62953381439394
2020_2026,83,1650,929.5512287916666
2020_2026,84,3090,6878.2305565803035
2020_2026,84,3100,396.80147048863637
2020_2026,85,3010,1209.0227050939393
2020_2026,86,3250,654.9572681303031
2020_2026,87,3040,304.5053026844697
2020_2026,88,3120,76.75406275037878
2020_2026,89,3000,428.9632298219697
2020_2026,89,3261,157.16359431818182
2020_2026,89,3270,97.60730978636363
2020_2026,95,3255,23896.073989900004
2020_2026,95,3256,219.52688049128787
2020_2026,95,3258,1999.9650934890153
2020_2026,96,3050,2433.5631407916667
2020_2026,97,3030,876.3659832689393
2020_2026,98,3220,709.2831755568182
2020_2026,99,3150,1011.7857126636363
2020_2026,99,3610,228.21659611477273
2020_2026,103,3160,2183.590192564394
2020_2026,103,3620,679.7284854196969
2020_2026,104,3140,132.1327538625
2020_2026,104,3230,1377.854333676894
2020_2026,105,3200,86.59869419469698
2020_2026,105,3210,111.8792338848485
2020_2026,105,3245,2103.0942506340907
2020_2026,106,3110,1154.5455660791665
2020_2026,154,2205,7515.6022872522735
2020_2026,155,2300,4378.358418523863
2020_2026,156,2310,23944.33464553712
2020_2026,157,2320,6323.581210271969
2020_2026,158,2330,2420.351221248864
2020_2026,159,2350,1199.4636246992425
2020_2026,159,2360,6369.770442998107
2020_2026,159,2545,9689.94708248826
2020_2026,159,2555,1184.570458719697
2020_2026,163,2001,987.783182364394
2020_2026,163,2002,2590.493892924621
2020_2026,163,2003,267.60319693901516
2020_2026,163,2004,1438.1755340814395
2020_2026,163,2005,121.90384182651515
2020_2026,163,2006,1754.578997992803
2020_2026,164,2435,1224.1221665473486
2020_2026,165,2400,483.1850781734848
2020_2026,166,735,3482.5105353522727
2020_2026,166,1800,192.49445001704544
2020_2026,167,1821,113.47217730984849
2020_2026,167,1822,358.44030148825755
2020_2026,167,1825,1052.5380841363635
2020_2026,169,1860,396.6091053087121
2020_2026,173,1840,272.86685284583336
2020_2026,174,2011,526.5819779719696
2020_2026,174,2012,608.9341794181818
2020_2026,174,2013,178.05843217727272
2020_2026,174,2014,4704.955854563636
2020_2026,176,2040,2912.7438975356063
2020_2026,176,2050,489.8822272545454
2020_2026,176,2060,559.6022286155303
2020_2026,177,2015,544.4816634943181
2020_2026,177,2016,1581.265345405303
2020_2026,177,2025,789.2816045583334
2020_2026,178,2100,8516.578895849243
2020_2026,178,2105,137.75414339507577
2020_2026,183,2850,1760.761617182197
2020_2026,184,2840,418.51938019431816
2020_2026,185,2631,111.60816990189394
2020_2026,185,2632,251.14746332651515
2020_2026,185,2633,365.7504138181818
2020_2026,185,2634,2094.456033932576
2020_2026,185,2635,849.5036193821969
2020_2026,185,2636,205.70958008030303
2020_2026,185,2640,2710.5771728837126
2020_2026,186,2751,350.0812193462121
2020_2026,186,2752,1066.2947070594696
2020_2026,187,2700,328.4887624810606
2020_2026,187,2710,1362.6797924056818
2020_2026,188,2600,2137.9610854499997
2020_2026,189,2910,1435.9175121640153
2020_2026,193,2740,107.31847219015152
2020_2026,194,2755,139.280324419697
2020_2026,194,2770,312.2191461473485
2020_2026,194,2861,674.5957515765151
2020_2026,194,2865,189.86518856249998
2020_2026,195,2810,550.6234059166667
2020_2026,195,2830,759.044233134091
2020_2026,195,2920,850.9033135840909
2020_2026,198,2805,162.96598646477273
2020_2026,199,2721,265.6388235810606
2020_2026,199,2722,2068.523796703409
2020_2026,199,2723,209.4833974768939
2020_2026,203,3300,2317.5432361518942
2020_2026,204,3310,1417.8347134037876
2020_2026,205,3515,1356.9853606113636
2020_2026,206,3321,387.465076557197
2020_2026,206,3322,739.331209460606
2020_2026,206,3323,1746.9441127723485
2020_2026,206,3324,382.96002804090915
2020_2026,206,3330,267.93798468484846
2020_2026,207,3500,4047.514836817425
2020_2026,208,1980,533.503054955303
2020_2026,208,3401,1023.523118119318
2020_2026,208,3402,716.2582672981061
2020_2026,208,3545,1056.1294106946968
2020_2026,208,3550,850.8743297473485
2020_2026,214,1551,596.9614464681817
2020_2026,214,1555,2482.3196415155303
2020_2026,214,1935,171.70119419962123
2020_2026,214,1970,2288.7427704079546
2020_2026,217,1541,272.3541690306818
2020_2026,217,1545,617.5943459443183
2020_2026,218,1310,302.7780474962121
2020_2026,218,1560,458.49677399015155
2020_2026,223,1900,304.5375870011364
2020_2026,223,1910,179.48995111022725
2020_2026,224,1920,444.41718933977273
2020_2026,226,9030,1300.7336835617425
2020_2026,227,9040,247.35384083068183
2020_2026,228,2905,762.7485896814394
2020_2026,228,5040,39.738181070454544
2020_2026,229,1010,2781.6072458685608
2020_2026,233,7905,592.6872329083334
2020_2026,234,2145,3170.0193041268944
2020_2026,234,2170,682.5541561583333
2020_2026,234,2180,526.0094332238637
2020_2026,234,2862,193.98476829924243
2020_2026,243,4700,21397.03742428485
2020_2026,243,4710,8051.452714000378
2020_2026,253,4810,4371.178416525758
2020_2026,254,810,595.3815757443181
2020_2026,254,4920,7596.26907617197
2020_2026,255,4820,1572.463903721212
2020_2026,256,4800,860.8753516204545
2020_2026,258,4930,317.0074376287879
2020_2026,275,726,610.3817896617425
2020_2026,275,4740,537.4786038439395
2020_2026,275,4750,865.8147970071968
2020_2026,275,4760,18916.286295123864
2020_2026,275,4840,4535.233734282955
2020_2026,275,4850,8102.187625870455
2020_2026,275,4940,221.8172846988636
2020_2026,275,4965,2815.7185715
2020_2026,276,4720,18253.804989979923
2020_2026,277,4950,977.1297887681819
2020_2026,283,4900,268.1740266662879
2020_2026,303,5000,8822.808706240152
2020_2026,313,5710,1639.4320098496214
2020_2026,313,5720,325.956270419697
2020_2026,313,5730,610.6766302284091
2020_2026,313,5740,12660.060647197348
2020_2026,315,5820,294.71073005606064
2020_2026,316,5230,259.2962904560606
2020_2026,316,5310,1316.3375539799242
2020_2026,316,5340,102.48319340037878
2020_2026,317,5300,732.2924775958334
2020_2026,318,4830,494.48866768181824
2020_2026,318,5410,812.7923420518939
2020_2026,319,5400,8490.320985234091
2020_2026,326,5350,745.5134653431818
2020_2026,328,5360,592.2738002655303
2020_2026,329,2440,235.69953140871212
2020_2026,329,5320,514.1174766659092
2020_2026,335,5260,965.1800257973484
2020_2026,336,5420,778.4482845852273
2020_2026,337,5120,8344.570872888638
2020_2026,338,5140,1008.4062569579546
2020_2026,344,5110,3119.250675992045
2020_2026,346,5560,404.2577207416667
2020_2026,347,5900,174.59716397878788
2020_2026,348,5010,97.38257280113638
2020_2026,348,5020,141.22795801363637
2020_2026,354,5540,695.2647194583334
2020_2026,355,5550,2224.0211694178033
2020_2026,356,5850,382.2670360128788
2020_2026,357,5510,6304.884508774243
2020_2026,359,5521,600.0468578958333
2020_2026,359,5522,1297.0258699515152
2020_2026,364,5500,152.5436532621212
2020_2026,364,5610,4239.528421104166
2020_2026,365,5150,261.696441214394
2020_2026,365,9645,11850.25457353106
2020_2026,366,5530,148.26523728219698
2020_2026,368,5630,488.37435658825757
2020_2026,373,160,2590.2596990265147
2020_2026,373,5600,1501.27345085947
2020_2026,375,540,2513.725908292803
2020_2026,375,5840,2037.8883135393937
2020_2026,376,5240,18219.616638143183
2020_2026,376,5330,874.1114250874999
2020_2026,377,5250,545.4219340806818
2020_2026,378,5100,730.2956360049243
2020_2026,379,5860,9229.916361083713
2020_2026,383,5160,1586.8124883056819
2020_2026,384,5910,68.29095063484849
2020_2026,385,5810,1585.2218100056818
2020_2026,386,5920,251.2056514655303
2020_2026,389,5165,1108.5414257420455
2020_2026,389,5220,535.9683347026515
2020_2026,389,5940,4393.27863002197
2020_2026,405,4230,9567.423367380681
2020_2026,408,8300,861.1497565253787
2020_2026,415,3725,547.324571576894
2020_2026,417,3720,362.72005863068176
2020_2026,417,3740,2213.7751907344696
2020_2026,417,3750,189.62030460568184
2020_2026,418,3710,682.180416014394
2020_2026,418,3820,1040.838108470076
2020_2026,418,3870,5072.517724833333
2020_2026,418,3910,844.6415547632575
2020_2026,423,3700,329.31315251628786
2020_2026,423,3801,135.86658031742422
2020_2026,423,3802,2130.9523936439396
2020_2026,423,3840,122.15255079886362
2020_2026,425,3940,345.21535867840913
2020_2026,426,3930,6188.150143515151
2020_2026,426,3945,308.46334749659087
2020_2026,427,3900,50.78466299431818
2020_2026,427,3946,222.32228742613637
2020_2026,427,3960,1116.6120120579544
2020_2026,434,4040,2824.005580108333
2020_2026,435,4110,12009.054465063258
2020_2026,436,4000,3260.647952745833
2020_2026,436,4010,3561.223250979166
2020_2026,436,4020,13830.788159908712
2020_2026,439,4055,5945.237183992803
2020_2026,444,4030,6462.693459425756
2020_2026,444,4120,1457.7326334712122
2020_2026,444,4130,1878.2000767246213
2020_2026,444,4140,1709.9186749140151
2020_2026,444,4160,56.776137315530306
2020_2026,445,3640,2165.4074945977277
2020_2026,447,3601,4563.651017225
2020_2026,447,3602,10948.60441166856
2020_2026,447,3603,9235.035399453787
2020_2026,447,3605,451.8071458113636
2020_2026,447,3645,4229.007228906818
2020_2026,447,3646,287.1259738090909
2020_2026,447,3647,266.60489025151514
2020_2026,447,3648,493.0359498178031
2020_2026,447,3649,836.1653906549243
2020_2026,447,3655,1413.6063762223484
2020_2026,448,4200,2390.7373224390153
2020_2026,450,4210,1903.7125420363639
2020_2026,451,4251,8107.474108495075
2020_2026,451,4252,705.9114469651515
2020_2026,451,4255,127.56842552310606
2020_2026,453,4220,15471.168470638257
2020_2026,455,4240,714.5017931234848
2020_2026,457,4500,886.8385911984848
2020_2026,458,4510,5005.8570746147725
2020_2026,458,4521,1983.641716360985
2020_2026,458,4522,710.4327032515151
2020_2026,458,4525,191.42071246893937
2020_2026,459,4400,570.7950321431817
2020_2026,459,4435,1484.1854542799242
2020_2026,461,4540,361.72918970643934
2020_2026,462,4420,252.16538345719695
2020_2026,464,4530,541.7845747515152
2020_2026,466,4621,1700.2086394435605
2020_2026,466,4622,1109.3138977776514
2020_2026,468,4600,7169.555239939016
2020_2026,468,4640,244.94180300606058
2020_2026,469,3630,1141.2015664174241
2020_2026,469,4150,2151.812279110985
2020_2026,469,4461,137.7956699526515
2020_2026,469,4655,886.6786899848485
2020_2026,469,9760,453.9872396094697
2020_2026,470,4330,1316.1968544147726
2020_2026,471,9050,781.3972586765151
2020_2026,471,9410,271.46007921363633
2020_2026,471,9415,194.3402149784091
2020_2026,472,4350,2288.324469182197
2020_2026,473,205,6154.021013213636
2020_2026,479,4340,451.5927258814394
2020_2026,479,6050,5545.724953127273
2020_2026,488,6040,334.72781284431824
2020_2026,489,6010,99.9954070526515
2020_2026,496,6005,391.36371378825766
2020_2026,496,6120,127.97229264583333
2020_2026,496,6130,359.5869801878788
2020_2026,498,6115,212.5085891003788
2020_2026,503,7000,1804.2412200375
2020_2026,505,7200,6207.402577123485
2020_2026,507,7210,2443.8215196583337
2020_2026,508,7140,1049.2697969575756
2020_2026,509,7240,304.92753953333334
2020_2026,514,7150,914.1757317553031
2020_2026,514,7160,161.70020100568183
2020_2026,516,7220,1438.389784079167
2020_2026,516,7260,657.2578241071969
2020_2026,518,7330,2704.8012209484846
2020_2026,519,7350,231.91525428598484
2020_2026,523,7100,149.33344653901514
2020_2026,523,7120,191.44297224318183
2020_2026,525,7010,1104.257018409091
2020_2026,526,7320,296.9315455333333
2020_2026,527,7020,887.481126128788
2020_2026,527,7420,921.0381346757576
2020_2026,533,7030,70.86685224772727
2020_2026,534,7315,3513.9439459049245
2020_2026,535,7430,414.0447471378788
2020_2026,535,8750,335.8294056734848
2020_2026,536,7540,213.00577551818182
2020_2026,539,7300,171.61865431363637
2020_2026,543,6700,253.50347259128787
2020_2026,544,7360,311.2927031424243
2020_2026,549,7340,4643.986622590909
2020_2026,549,7560,73.17840593674242
2020_2026,549,7640,1454.0192457840908
2020_2026,558,6200,5042.683593625379
2020_2026,563,6220,834.7338893700758
2020_2026,563,6240,897.3901344477273
2020_2026,567,6230,8528.963438570076
2020_2026,573,6330,1006.4467546045454
2020_2026,575,6355,6756.477683425757
2020_2026,575,7130,431.3892263643939
2020_2026,577,7040,147.51811141363635
2020_2026,577,7410,900.6087788598485
2020_2026,579,6410,3762.080339545454
2020_2026,584,6460,158.56902461439395
2020_2026,585,6441,325.1957724761364
2020_2026,585,6442,4279.8233204553035
2020_2026,588,6250,405.7938308757576
2020_2026,589,6360,263.7818975530303
2020_2026,593,6400,354.6744956912879
2020_2026,593,6720,189.44597129772728
2020_2026,595,6515,1645.602892347727
2020_2026,597,6530,321.3961895791667
2020_2026,597,7740,140.71657883977275
2020_2026,598,6825,230.964252780303
2020_2026,599,6520,952.3079976666667
2020_2026,599,6540,151.96544749507578
2020_2026,599,6710,286.12590242651515
2020_2026,599,6765,295.88987434810605
2020_2026,614,6800,197.01352290151516
2020_2026,615,6835,68.89770691856062
2020_2026,616,6850,237.11174205833333
2020_2026,617,6950,351.43974493030305
2020_2026,628,7700,5386.784589178787
2020_2026,634,8130,249.76226036704543
2020_2026,637,8030,2182.4054580431816
2020_2026,643,6210,103.87405203901514
2020_2026,649,8910,31.51844618333333
2020_2026,657,8500,376.0066208340909
2020_2026,658,8510,98.48515711401515
2020_2026,666,8350,422.55065243030305
2020_2026,668,8450,138.19908188257574
2020_2026,669,8335,90.34139544507576
2020_2026,675,8920,189.73799081250002
2020_2026,677,3520,345.2322170757576
2020_2026,678,3421,2531.59017628447
2020_2026,678,3422,813.6197808765152
2020_2026,678,3423,743.8566624924242
2020_2026,678,3424,970.3615546791666
2020_2026,678,3430,497.2834682852273
2020_2026,678,8760,538.3380337632575
2020_2026,679,8256,67.73266531969698
2020_2026,686,7810,1739.649765778788
2020_2026,687,7800,1707.6966018556816
2020_2026,688,7840,649.3357791897727
2020_2026,694,8620,717.0709498901515
2020_2026,695,8600,275.278654869697
2020_2026,696,8610,589.8798925314394
2020_2026,699,8630,291.82735663030303
2020_2026,703,8025,56.74541032159091
2020_2026,706,7950,440.9638842859849
2020_2026,709,8000,246.96761221174245
2020_2026,719,8100,219.9550046723485
2020_2026,727,8530,154.3729332814394
2020_2026,729,8540,105.27157886893939
2020_2026,733,8225,2386.201114757954
2020_2026,733,8555,210.60098810757574
2020_2026,736,8250,98.0379853590909
2020_2026,736,8255,960.5453348526514
2020_2026,738,8365,119.29031877840907
2020_2026,744,8320,797.6415702371212
2020_2026,747,8310,162.92291597121212
2020_2026,749,8465,105.46912316022727
2020_2026,753,8850,59.18078475075758
2020_2026,754,8800,1793.6453740147726
2020_2026,755,7925,187.0264504314394
2020_2026,755,8720,122.97371867727271
2020_2026,756,8650,541.7102162704546
2020_2026,757,8640,415.2420816765151
2020_2026,763,7830,71.30914103977273
2020_2026,765,8930,113.2622641378788
2020_2026,766,8040,123.35495632765151
2020_2026,766,8730,90.3570505602273
2020_2026,769,7850,79.65940097537879
2020_2026,769,8710,368.40143689166666
2020_2026,774,8830,147.0888295818182
2020_2026,779,7855,956.1074774155304
2020_2026,779,8810,1119.6463202189395
2020_2026,779,8940,62.714133997727274
2020_2026,779,8990,8623.614332671968
2020_2026,783,8140,3920.031238154166
2020_2026,785,7720,804.7936003280303
2020_2026,785,7730,82.37137930378789
2020_2026,785,7750,6616.053141851137
2020_2026,799,8740,5424.7129619132575
2020_2026,803,9005,2200.274963951894
2020_2026,804,7510,241.17051760037884
2020_2026,804,9130,24875.881549170837
2020_2026,804,9600,4316.646424479545
2020_2026,808,9121,1591.1573354371214
2020_2026,808,9122,1779.053588060227
2020_2026,809,9110,99.26044814772726
2020_2026,809,9141,588.5249705102274
2020_2026,809,9142,3233.220238357197
2020_2026,809,9150,1195.8126461170455
2020_2026,813,9350,448.44296391931823
2020_2026,823,9240,326.0338158818182
2020_2026,824,9210,310.0356928
2020_2026,824,9265,138.29222361022727
2020_2026,829,9300,161.92935569545452
2020_2026,829,9310,274.91463269772726
2020_2026,844,6305,2670.166976360985
2020_2026,848,9510,406.37127118257575
2020_2026,848,9570,232.13746419810604
2020_2026,859,9650,127.69196475265149
2020_2026,865,7610,119.97774272386363
2020_2026,866,6600,396.6818912912879
2020_2026,869,6260,15390.221030514773
2020_2026,869,6730,607.3112183022728
2020_2026,873,8950,448.6553060393939
2020_2026,875,9720,770.959899780303
2020_2026,878,9630,159.99422084659093
2020_2026,885,9365,603.2674418015151
2020_2026,887,9610,2574.8806166178033
2020_2026,888,9640,4676.910694365531
2020_2026,889,6740,94.91097887272728
2020_2026,889,9430,276.76090578825756
2020_2026,889,9620,15283.08233335606
