survey_year,dorn_group,tenure_class,displaced_thousands,unweighted_count,sampling_variance
1984,beauty,all_tenures,35.49251,20,78.46249013157123
1984,child,all_tenures,23.268099999999997,14,37.823996268313515
1984,clean,all_tenures,48.83629,45,85.55415972838857
1984,cleric,all_tenures,1230.27833,763,2744.9062756244903
1984,constr,all_tenures,772.14643,490,1795.738280342129
1984,exec,all_tenures,610.13206,398,1450.9165840948906
1984,farmer,all_tenures,10.62553,8,17.231896379657567
1984,finsales,all_tenures,363.34428,242,721.7243974401055
1984,firepol,all_tenures,11.0863,9,20.045378941486142
1984,food,all_tenures,432.83368,295,841.5915751794381
1984,guard,all_tenures,80.32197000000001,55,136.43110958142287
1984,janitor,all_tenures,100.78367,62,233.3622318379952
1984,mechanic,all_tenures,543.15728,354,1169.0195416734318
1984,mgmtrel,all_tenures,261.20385,160,541.5305700444919
1984,mining,all_tenures,73.23713000000001,56,143.9299212154092
1984,operator,all_tenures,2503.76478,1512,6027.832013342501
1984,otheragr,all_tenures,102.07256,75,196.4849027649652
1984,othpers,all_tenures,31.50165,20,65.88867504236812
1984,product,all_tenures,695.9433399999999,446,1343.3741516519851
1984,prof,all_tenures,566.51228,367,1036.5810642110398
1984,recreation,all_tenures,13.95027,14,23.753292032073976
1984,retsales,all_tenures,697.9861099999999,462,1270.0845592297956
1984,shealth,all_tenures,60.26666,42,99.99359580178518
1984,tech,all_tenures,296.74413,193,632.00679306107
1984,transp,all_tenures,1575.22094,1035,3347.19529891586
1984,beauty,long_tenured,17.19427,10,35.06495706370648
1984,child,long_tenured,10.993630000000001,6,19.680427250267275
1984,clean,long_tenured,15.20622,16,21.91285652158135
1984,cleric,long_tenured,564.08746,347,883.962810281759
1984,constr,long_tenured,307.72534,192,653.4226228632921
1984,exec,long_tenured,317.21668,210,557.0241962382875
1984,farmer,long_tenured,4.803979999999999,4,6.949008605716221
1984,finsales,long_tenured,187.56760999999997,125,353.1204499042912
1984,firepol,long_tenured,5.38188,4,8.726948158791556
1984,food,long_tenured,140.52964,90,224.81928065635202
1984,guard,long_tenured,26.664270000000002,17,50.55902070221023
1984,janitor,long_tenured,33.63624,23,62.61319259226825
1984,mechanic,long_tenured,263.90454,170,454.8222517391933
1984,mgmtrel,long_tenured,123.22954000000001,79,222.53981121762087
1984,mining,long_tenured,35.222120000000004,25,62.91822503819544
1984,operator,long_tenured,1157.03142,706,1994.1077274159984
1984,otheragr,long_tenured,37.56819,27,70.49374309133671
1984,othpers,long_tenured,12.748299999999999,9,21.350527528348707
1984,product,long_tenured,386.22858,253,645.7567629683875
1984,prof,long_tenured,248.53984,161,493.0270234732246
1984,recreation,long_tenured,4.73482,3,9.348690639257477
1984,retsales,long_tenured,271.03851000000003,181,568.4388365967611
1984,shealth,long_tenured,26.95385,18,40.63384630679253
1984,tech,long_tenured,122.45855,79,220.62969661498116
1984,transp,long_tenured,642.1724,419,1280.9848391187973
1986,beauty,all_tenures,43.66398,29,86.25357723981786
1986,child,all_tenures,30.734050000000003,18,56.799645308742306
1986,clean,all_tenures,43.98182,29,83.53067690212724
1986,cleric,all_tenures,1067.93671,658,2037.47506077787
1986,constr,all_tenures,602.79452,359,1121.686367392813
1986,exec,all_tenures,652.09683,410,1493.7118954471366
1986,farmer,all_tenures,4.703139999999999,4,5.5379492250851765
1986,finsales,all_tenures,337.34585,215,653.4202659899088
1986,firepol,all_tenures,5.80787,5,13.346198834814954
1986,food,all_tenures,363.09637,235,701.069464558282
1986,guard,all_tenures,80.18137,51,134.80320946445067
1986,janitor,all_tenures,59.48004,34,143.58525591593443
1986,mechanic,all_tenures,512.50008,315,1100.883355408879
1986,mgmtrel,all_tenures,280.40601000000004,169,569.2742288371297
1986,mining,all_tenures,78.9816,62,161.42973224995603
1986,operator,all_tenures,2281.40216,1372,5330.105700777118
1986,otheragr,all_tenures,107.56132000000001,69,203.7134770929477
1986,othpers,all_tenures,33.635760000000005,17,80.36773630704698
1986,product,all_tenures,685.79715,409,1467.0221338935737
1986,prof,all_tenures,660.3242700000001,407,1098.2480199023041
1986,recreation,all_tenures,13.62663,11,20.188286625323194
1986,retsales,all_tenures,644.3961899999999,387,1443.0523316397544
1986,shealth,all_tenures,127.07794,79,254.25295815616363
1986,tech,all_tenures,360.02837,210,738.4146450032355
1986,transp,all_tenures,1352.84155,838,2420.227449332089
1986,beauty,long_tenured,7.19612,5,12.4776817076781
1986,child,long_tenured,9.83135,5,27.526197441057295
1986,clean,long_tenured,19.11517,13,32.815958037406546
1986,cleric,long_tenured,494.43834999999996,297,1111.018175743146
1986,constr,long_tenured,266.01635,154,550.1796397707725
1986,exec,long_tenured,325.94660999999996,198,587.6799384772773
1986,farmer,long_tenured,4.703139999999999,4,5.920664303766811
1986,finsales,long_tenured,192.29707000000002,119,365.0579240752676
1986,firepol,long_tenured,3.53946,2,11.604229522791067
1986,food,long_tenured,100.05842999999999,66,195.55966881737407
1986,guard,long_tenured,28.19997,15,54.52320134419737
1986,janitor,long_tenured,25.692310000000003,14,84.60039042023556
1986,mechanic,long_tenured,267.84856,166,474.1465044744834
1986,mgmtrel,long_tenured,137.22939000000002,85,247.83498548731487
1986,mining,long_tenured,43.35015,33,75.62477277622003
1986,operator,long_tenured,1236.8883500000002,733,2486.0606722459656
1986,otheragr,long_tenured,56.08637,33,123.01812959898426
1986,othpers,long_tenured,9.34605,5,24.176954608484866
1986,product,long_tenured,383.39989,230,651.0436630699777
1986,prof,long_tenured,281.05682,178,578.3579211688209
1986,recreation,long_tenured,6.08063,6,7.398285372882291
1986,retsales,long_tenured,223.41423999999998,137,479.5984934220965
1986,shealth,long_tenured,51.83898,33,94.53599077365378
1986,tech,long_tenured,169.06501999999998,100,327.58171207881355
1986,transp,long_tenured,625.4768,377,1192.6203865885095
1988,beauty,all_tenures,35.96292,20,77.60325805392965
1988,child,all_tenures,31.383950000000002,17,59.894739835958
1988,clean,all_tenures,57.192550000000004,26,113.4425927953607
1988,cleric,all_tenures,1319.6126499999998,773,3403.216841314925
1988,constr,all_tenures,689.37842,418,1698.4940275133854
1988,exec,all_tenures,690.18972,414,1405.038128654191
1988,farmer,all_tenures,11.07517,5,23.19054905093363
1988,finsales,all_tenures,362.43375,216,841.5602720453832
1988,firepol,all_tenures,3.5741400000000003,2,6.820265176274685
1988,food,all_tenures,431.39971999999995,256,1098.24082284203
1988,guard,all_tenures,53.46257,35,103.80251278492418
1988,janitor,all_tenures,187.92642999999998,108,387.6734724630246
1988,mechanic,all_tenures,395.86484,253,742.272742560938
1988,mgmtrel,all_tenures,268.91676,157,547.8327794448461
1988,mining,all_tenures,81.56747999999999,55,158.75383900040978
1988,operator,all_tenures,1440.4309099999998,833,3339.396854145904
1988,otheragr,all_tenures,82.78669000000001,45,261.25731129993136
1988,othpers,all_tenures,17.765729999999998,8,48.1222524133907
1988,product,all_tenures,428.72042,256,996.2808427117784
1988,prof,all_tenures,542.0325899999999,325,1262.5579983565985
1988,recreation,all_tenures,5.740780000000001,4,8.809322632278503
1988,retsales,all_tenures,730.9877299999999,435,1421.8359270387782
1988,shealth,all_tenures,80.652,44,197.20677792816426
1988,tech,all_tenures,323.005,181,649.001944555156
1988,transp,all_tenures,1184.9765,696,2342.9892539014368
1988,beauty,long_tenured,12.047979999999999,6,26.907065610710955
1988,child,long_tenured,7.29952,4,15.292715464983356
1988,clean,long_tenured,17.758680000000002,8,34.7821210878839
1988,cleric,long_tenured,633.5190600000001,366,1410.9190330271797
1988,constr,long_tenured,272.76377,158,555.812729205535
1988,exec,long_tenured,372.72736,226,782.8233158698827
1988,farmer,long_tenured,8.50632,4,19.68346690975471
1988,finsales,long_tenured,207.43599,127,433.9568129139319
1988,firepol,long_tenured,3.5741400000000003,2,7.982494857357969
1988,food,long_tenured,129.81628,72,242.54464657813372
1988,guard,long_tenured,23.63498,15,41.608106271789026
1988,janitor,long_tenured,69.91942,40,159.7203905505447
1988,mechanic,long_tenured,184.49958999999998,120,407.2947331100658
1988,mgmtrel,long_tenured,143.62179,87,297.37330879586943
1988,mining,long_tenured,46.87742,33,103.48138742385777
1988,operator,long_tenured,778.5130899999999,445,1808.8535579727723
1988,otheragr,long_tenured,26.58544,18,53.16286465055277
1988,othpers,long_tenured,6.409800000000001,4,9.93812302007815
1988,product,long_tenured,270.25782,166,535.8370630752545
1988,prof,long_tenured,279.62965,162,623.767005718328
1988,recreation,long_tenured,3.04975,2,4.127424151763608
1988,retsales,long_tenured,282.08702999999997,169,619.5509457281889
1988,shealth,long_tenured,45.32701,25,107.5026654643465
1988,tech,long_tenured,165.93867,96,391.2107150871517
1988,transp,long_tenured,534.45222,322,1041.0709552857072
1990,beauty,all_tenures,32.31588,20,69.67352521069448
1990,child,all_tenures,13.43221,9,26.340348333594147
1990,clean,all_tenures,47.38113,29,111.4378052501291
1990,cleric,all_tenures,1328.5064,772,3311.948693444629
1990,constr,all_tenures,629.88241,377,1632.7767070040375
1990,exec,all_tenures,734.9918399999999,414,1586.5036574347014
1990,farmer,all_tenures,12.36276,7,28.29396131604775
1990,finsales,all_tenures,348.51943,196,735.745508056215
1990,firepol,all_tenures,1.68579,1,3.3816324170214034
1990,food,all_tenures,409.67995,236,1053.6169120501756
1990,guard,all_tenures,40.63365,25,79.93688808421467
1990,janitor,all_tenures,137.92718,75,294.7232468810163
1990,mechanic,all_tenures,383.61752,221,839.6974944248959
1990,mgmtrel,all_tenures,255.01548,152,530.2985686054433
1990,mining,all_tenures,36.387800000000006,26,69.95138848532692
1990,operator,all_tenures,1341.3171499999999,755,2965.7294133982805
1990,otheragr,all_tenures,67.76252000000001,40,141.077372173599
1990,othpers,all_tenures,16.60501,13,25.998998300235176
1990,product,all_tenures,385.73445000000004,226,820.3067410294699
1990,prof,all_tenures,544.87973,318,1284.2541301924305
1990,recreation,all_tenures,12.244369999999998,9,28.77204412713241
1990,retsales,all_tenures,611.89649,362,1315.7289079094446
1990,shealth,all_tenures,51.927870000000006,32,111.64029315107697
1990,tech,all_tenures,260.78852,149,740.5984304490181
1990,transp,all_tenures,961.53125,534,2292.8476835815
1990,beauty,long_tenured,18.464740000000003,11,36.312897731075275
1990,child,long_tenured,5.549440000000001,4,9.608821659823716
1990,clean,long_tenured,15.40385,9,28.309113609354768
1990,cleric,long_tenured,612.61444,369,1439.7849364837787
1990,constr,long_tenured,198.68577,128,458.76691942959314
1990,exec,long_tenured,414.31370000000004,227,893.7773260387431
1990,farmer,long_tenured,7.21796,4,19.58322231860962
1990,finsales,long_tenured,198.96276,115,419.42043603254126
1990,food,long_tenured,107.58532000000001,70,187.89512197308383
1990,guard,long_tenured,13.512360000000001,9,27.758646534595336
1990,janitor,long_tenured,54.73429,30,131.73740403599703
1990,mechanic,long_tenured,185.15156,109,453.8821454519747
1990,mgmtrel,long_tenured,139.06554,83,290.09986878354806
1990,mining,long_tenured,24.336470000000002,17,51.96708027241405
1990,operator,long_tenured,715.9924599999999,409,1577.2728567036183
1990,otheragr,long_tenured,34.62069,21,72.37664176395155
1990,othpers,long_tenured,6.971,5,10.038774022200112
1990,product,long_tenured,254.35429000000002,150,527.3137303086381
1990,prof,long_tenured,277.21320000000003,166,569.4667168740775
1990,recreation,long_tenured,7.8236,5,17.388179041931533
1990,retsales,long_tenured,226.334,135,589.5411643061171
1990,shealth,long_tenured,23.42698,14,42.194233763355896
1990,tech,long_tenured,122.65963,73,262.9799704179587
1990,transp,long_tenured,423.94852000000003,246,888.9828938623376
1992,beauty,all_tenures,43.37186,23,102.94129150499434
1992,child,all_tenures,12.27773,6,27.995198173645665
1992,clean,all_tenures,81.02907,41,199.36530430759893
1992,cleric,all_tenures,1765.57172,1007,3902.4943500042186
1992,constr,all_tenures,956.58365,526,1894.05895683464
1992,exec,all_tenures,989.5311999999999,529,2270.3204767497073
1992,farmer,all_tenures,6.69503,4,13.95749190923485
1992,finsales,all_tenures,438.47958,261,888.239421974003
1992,firepol,all_tenures,5.6517800000000005,5,10.815323256518592
1992,food,all_tenures,515.2437,300,1219.0589735389515
1992,guard,all_tenures,72.36962,40,171.87788065734273
1992,janitor,all_tenures,230.80975,129,520.2492378935781
1992,mechanic,all_tenures,534.67883,304,1230.6324809938762
1992,mgmtrel,all_tenures,375.15292,214,642.0140949044386
1992,mining,all_tenures,61.464330000000004,33,197.42696429720687
1992,operator,all_tenures,1766.53089,959,3973.3961194742697
1992,otheragr,all_tenures,70.28288,39,178.6235245626917
1992,othpers,all_tenures,43.28263,25,100.02587496367197
1992,product,all_tenures,470.61679,265,953.3422553512056
1992,prof,all_tenures,755.2358,437,1811.1611572415177
1992,recreation,all_tenures,14.001400000000002,7,38.26298744730999
1992,retsales,all_tenures,824.83557,464,2049.3737896933926
1992,shealth,all_tenures,80.61846000000001,43,221.70692531837096
1992,tech,all_tenures,387.44194,192,1057.7970789891522
1992,transp,all_tenures,1256.99781,713,2664.764004029575
1992,beauty,long_tenured,22.10706,11,53.23247384626162
1992,child,long_tenured,2.68275,2,5.454197421572298
1992,clean,long_tenured,25.12228,13,67.79335985554876
1992,cleric,long_tenured,807.44875,474,1782.536006643215
1992,constr,long_tenured,332.25221999999997,193,711.5006429788319
1992,exec,long_tenured,596.28825,320,1557.497866116286
1992,farmer,long_tenured,5.92962,3,12.645657293560042
1992,finsales,long_tenured,225.09457999999998,141,534.6426849388681
1992,firepol,long_tenured,5.6517800000000005,5,10.187244745685907
1992,food,long_tenured,147.50963000000002,88,286.7269625559769
1992,guard,long_tenured,35.33696,20,80.14452093315683
1992,janitor,long_tenured,93.46713000000001,54,279.6547806335952
1992,mechanic,long_tenured,276.82958,161,657.238431585073
1992,mgmtrel,long_tenured,198.60719,112,501.1674976235333
1992,mining,long_tenured,32.28984,16,111.53066767399024
1992,operator,long_tenured,831.88999,460,1928.999852285382
1992,otheragr,long_tenured,28.07326,17,70.833372565099
1992,othpers,long_tenured,17.09668,9,39.41467320095303
1992,product,long_tenured,304.17219,171,693.5666022083924
1992,prof,long_tenured,358.64362,211,653.2372077859881
1992,recreation,long_tenured,4.5196000000000005,3,9.340076216613648
1992,retsales,long_tenured,282.73215000000005,165,688.5746668415409
1992,shealth,long_tenured,23.15707,11,63.960879970211295
1992,tech,long_tenured,196.69259,90,626.6605246489092
1992,transp,long_tenured,483.45588,287,950.0372153458328
1994,beauty,all_tenures,28.5647603,15,57.71564535450623
1994,child,all_tenures,11.1335514,6,21.285076594096836
1994,clean,all_tenures,43.3520869,25,116.09901444677172
1994,cleric,all_tenures,1377.6835075000001,720,3730.6800347217277
1994,constr,all_tenures,668.9058017,336,1994.1218538675537
1994,exec,all_tenures,857.0584286,426,2165.76377344687
1994,farmer,all_tenures,10.862131999999999,5,34.8155560554097
1994,finsales,all_tenures,336.6048685,180,696.5997078757495
1994,firepol,all_tenures,11.1088225,5,27.144488757526823
1994,food,all_tenures,393.6446979,207,1089.5490051907097
1994,guard,all_tenures,61.793614999999996,31,125.71826968385264
1994,janitor,all_tenures,247.9388218,113,804.9233376084807
1994,mechanic,all_tenures,333.6304828,181,737.8093258499325
1994,mgmtrel,all_tenures,344.22225030000004,175,634.1599304646026
1994,mining,all_tenures,12.8533279,12,16.85191766268999
1994,operator,all_tenures,1020.3834597,495,2905.50757335406
1994,otheragr,all_tenures,51.6591644,27,103.38964490154218
1994,othpers,all_tenures,29.9064479,14,75.09186572887613
1994,product,all_tenures,322.637552,163,902.2081630744489
1994,prof,all_tenures,699.8000008,369,1710.8415112838443
1994,recreation,all_tenures,18.7571277,12,47.72664960136433
1994,retsales,all_tenures,708.7750566,366,1736.4858819719184
1994,shealth,all_tenures,70.4472078,39,182.5957611777734
1994,tech,all_tenures,289.8332065,147,821.5929199831221
1994,transp,all_tenures,870.7683082,433,2167.2393057821946
1994,beauty,long_tenured,8.551269199999998,5,16.636098374947334
1994,clean,long_tenured,14.1071624,10,22.84974357056601
1994,cleric,long_tenured,721.2545182,386,1588.2652537805454
1994,constr,long_tenured,236.41289619999998,125,698.3915702357804
1994,exec,long_tenured,605.0687031,294,1462.0647567686767
1994,farmer,long_tenured,9.1157842,4,24.493200923867352
1994,finsales,long_tenured,190.3174822,103,418.59000580629714
1994,firepol,long_tenured,5.0665301,3,11.773800002846786
1994,food,long_tenured,115.4992267,66,285.5499791205013
1994,guard,long_tenured,21.370418,12,40.91421003899395
1994,janitor,long_tenured,90.580994,44,340.3411497558324
1994,mechanic,long_tenured,179.3376567,98,423.5862897262988
1994,mgmtrel,long_tenured,210.412555,110,519.3165766353733
1994,mining,long_tenured,6.512535799999999,5,9.223851085530226
1994,operator,long_tenured,530.4670989,254,1480.5771610068928
1994,otheragr,long_tenured,26.179077799999998,16,57.55536184912881
1994,othpers,long_tenured,12.853072599999999,7,24.34662626830008
1994,product,long_tenured,215.1911551,109,605.4599908276613
1994,prof,long_tenured,394.4992748,204,932.3440463932014
1994,recreation,long_tenured,4.7038418,3,8.989049872863758
1994,retsales,long_tenured,263.6085703,136,788.0406215692072
1994,shealth,long_tenured,30.795585,17,65.04575205207055
1994,tech,long_tenured,162.30462469999998,81,379.87018646611097
1994,transp,long_tenured,356.2248381,185,946.0656527323009
1996,beauty,all_tenures,39.011852700000006,17,143.18501088439328
1996,child,all_tenures,9.115341500000001,4,21.66002907281495
1996,clean,all_tenures,67.2748225,24,218.64498071683246
1996,cleric,all_tenures,1442.6770976,589,4440.3877226063705
1996,constr,all_tenures,654.3403942,244,2224.710268823104
1996,exec,all_tenures,793.0768412,316,2368.089594031519
1996,farmer,all_tenures,2.4642255,2,4.826592441920169
1996,finsales,all_tenures,414.70585800000003,164,1097.3527668602496
1996,firepol,all_tenures,16.593581099999998,9,43.79710462838729
1996,food,all_tenures,439.5634319,179,1338.19029306844
1996,guard,all_tenures,72.700041,25,241.0176447864883
1996,janitor,all_tenures,196.9261106,79,703.6801501077373
1996,mechanic,all_tenures,332.1783577,131,1129.267774909206
1996,mgmtrel,all_tenures,292.824042,118,640.6791235137244
1996,mining,all_tenures,19.4291956,9,53.57328211546156
1996,operator,all_tenures,971.0849420000001,376,2755.6007779546867
1996,otheragr,all_tenures,76.7502307,27,233.1800192579259
1996,othpers,all_tenures,7.4033216,5,14.159194221594063
1996,product,all_tenures,296.4919915,116,1036.5485561364396
1996,prof,all_tenures,915.0181904,371,2969.1369431722105
1996,recreation,all_tenures,29.3013949,10,105.04888622710475
1996,retsales,all_tenures,702.5472516,284,2153.5145861119813
1996,shealth,all_tenures,81.8024719,31,250.86831901825525
1996,tech,all_tenures,251.2047964,106,704.2678040937183
1996,transp,all_tenures,1047.1386006,389,3594.090177447665
1996,beauty,long_tenured,15.8835494,7,45.48877702849721
1996,child,long_tenured,3.7012283,2,6.833150004917242
1996,clean,long_tenured,20.9442788,8,59.795115093026595
1996,cleric,long_tenured,715.7556977,289,2332.9202658453705
1996,constr,long_tenured,207.159342,77,684.3408422039605
1996,exec,long_tenured,525.4938981,210,1530.4376451265061
1996,farmer,long_tenured,2.4642255,2,3.59168966053662
1996,finsales,long_tenured,220.0452522,89,723.025861400498
1996,firepol,long_tenured,4.0372889999999995,3,5.799841063145816
1996,food,long_tenured,89.91688280000001,39,289.609135960326
1996,guard,long_tenured,20.7989702,9,55.43146849193149
1996,janitor,long_tenured,65.8895857,29,180.9980089607498
1996,mechanic,long_tenured,170.1327143,67,579.5543781141361
1996,mgmtrel,long_tenured,172.14041390000003,71,471.86268530608766
1996,mining,long_tenured,3.5704689,1,10.946517112274169
1996,operator,long_tenured,427.5664661,176,1257.6034820264033
1996,otheragr,long_tenured,26.9521944,10,94.19215404524643
1996,othpers,long_tenured,6.3602656,3,11.72164803887913
1996,product,long_tenured,178.3844742,69,546.4352847769401
1996,prof,long_tenured,463.0498334,184,1530.616402729367
1996,recreation,long_tenured,10.9940766,4,33.54871073268849
1996,retsales,long_tenured,254.97182279999998,110,740.1170538934143
1996,shealth,long_tenured,27.0487356,9,93.39611958901521
1996,tech,long_tenured,136.0729976,59,390.9418289973193
1996,transp,long_tenured,355.69554420000003,135,1006.2081448056872
1998,beauty,all_tenures,20.5192002,8,57.29846841778385
1998,child,all_tenures,12.602280700000001,8,22.303930387328908
1998,clean,all_tenures,42.6126729,19,112.8654432038503
1998,cleric,all_tenures,1267.9967391999999,509,4977.617218277908
1998,constr,all_tenures,371.33479100000005,166,1169.4308595787857
1998,exec,all_tenures,677.6212851,284,1782.7864403013978
1998,farmer,all_tenures,7.0521697,4,16.170328380047177
1998,finsales,all_tenures,382.0341925,158,998.5388670631065
1998,firepol,all_tenures,16.562592399999996,8,43.945414062736674
1998,food,all_tenures,418.080246,176,1469.5520152816662
1998,guard,all_tenures,75.1323106,32,281.7579295114338
1998,janitor,all_tenures,189.2712741,73,586.8478641628418
1998,mechanic,all_tenures,259.40102609999997,113,800.94480736526
1998,mgmtrel,all_tenures,260.6044281,113,546.0564597396349
1998,mining,all_tenures,7.0101543,7,8.841268172032212
1998,operator,all_tenures,779.4912211,298,2543.2511067302376
1998,otheragr,all_tenures,57.9571235,24,158.50423750689663
1998,othpers,all_tenures,28.173231100000002,13,82.34397747783876
1998,product,all_tenures,220.49090840000002,91,612.7306578357411
1998,prof,all_tenures,759.8399893000001,321,2083.57540954307
1998,recreation,all_tenures,7.181987,5,14.26937466543377
1998,retsales,all_tenures,713.5783657,299,2052.833971463766
1998,shealth,all_tenures,98.3229635,38,353.6903387279719
1998,tech,all_tenures,294.0857205,117,847.3489117615865
1998,transp,all_tenures,752.7202249000001,297,2326.914342998839
1998,beauty,long_tenured,5.6454967,2,16.861158311281862
1998,child,long_tenured,3.3255584,2,7.531829310553657
1998,clean,long_tenured,12.0266007,5,30.53712642278242
1998,cleric,long_tenured,596.5493719,249,1748.3047409191138
1998,constr,long_tenured,103.45038009999999,48,237.97746825088663
1998,exec,long_tenured,407.85949810000005,168,1287.6743422839309
1998,farmer,long_tenured,1.0649640999999999,1,1.3949172085922494
1998,finsales,long_tenured,232.42454089999998,97,673.9866946795014
1998,firepol,long_tenured,14.3611107,7,49.4627406117289
1998,food,long_tenured,101.7206661,47,359.812264732692
1998,guard,long_tenured,34.5281435,15,99.70203962848048
1998,janitor,long_tenured,87.15305590000001,31,274.17723712507535
1998,mechanic,long_tenured,131.7680334,58,376.8414569209414
1998,mgmtrel,long_tenured,146.7822961,63,405.5772586668645
1998,mining,long_tenured,2.7030901,3,3.4596037432179068
1998,operator,long_tenured,353.0521804,144,909.8117381553136
1998,otheragr,long_tenured,27.780908800000002,12,77.66737522019811
1998,othpers,long_tenured,11.4821187,4,28.96012237067449
1998,product,long_tenured,134.712941,53,432.1503611576877
1998,prof,long_tenured,387.2385086,166,1040.5670887013846
1998,recreation,long_tenured,4.968854100000001,2,14.041318521991014
1998,retsales,long_tenured,292.317369,124,879.1183555532424
1998,shealth,long_tenured,41.5708529,14,162.05485552024342
1998,tech,long_tenured,138.517918,58,418.4353612770112
1998,transp,long_tenured,262.5683325,111,846.9619526720659
2000,beauty,all_tenures,19.2102866,8,49.7977289056514
2000,child,all_tenures,15.4790584,7,48.933812463354876
2000,clean,all_tenures,37.3037201,17,99.4199596333746
2000,cleric,all_tenures,1083.6581694,433,3146.5955363353996
2000,constr,all_tenures,435.23663919999996,188,1214.3887274609303
2000,exec,all_tenures,765.0987621,310,2160.1327586231664
2000,farmer,all_tenures,10.512777600000001,3,39.276184222417214
2000,finsales,all_tenures,283.9281281,112,863.4124700681585
2000,firepol,all_tenures,7.7907371,4,20.43025365086351
2000,food,all_tenures,338.1994839,137,960.8077312668087
2000,guard,all_tenures,64.0407216,22,243.2471769835676
2000,janitor,all_tenures,146.8173237,58,470.5572993288962
2000,mechanic,all_tenures,273.5740502,108,958.5088010096414
2000,mgmtrel,all_tenures,392.1590599,151,1253.910954941435
2000,mining,all_tenures,19.3695908,13,34.30297327700198
2000,operator,all_tenures,723.8784005,281,2589.4728388889994
2000,otheragr,all_tenures,55.2616816,24,276.562440565041
2000,othpers,all_tenures,15.464311299999999,8,79.04444399338331
2000,product,all_tenures,228.5552887,94,693.4031508040727
2000,prof,all_tenures,730.1614162,294,2910.6806053845744
2000,recreation,all_tenures,8.1852295,6,13.4299691497758
2000,retsales,all_tenures,644.6439279,253,1795.3110635247642
2000,shealth,all_tenures,84.699142,40,253.13859101453198
2000,tech,all_tenures,287.69400920000004,112,826.4227330584764
2000,transp,all_tenures,701.2684333999999,278,2276.5037947946666
2000,beauty,long_tenured,8.5516026,3,25.42680782632737
2000,child,long_tenured,0.9463149,1,0.8594889116748446
2000,clean,long_tenured,14.091993200000001,6,40.3693220762898
2000,cleric,long_tenured,453.4876236,180,1380.5614405289723
2000,constr,long_tenured,155.54795869999998,63,495.58924938720935
2000,exec,long_tenured,394.8055988,164,997.3200383731318
2000,farmer,long_tenured,10.512777600000001,3,41.57990537310048
2000,finsales,long_tenured,158.2301337,63,509.1922677097627
2000,firepol,long_tenured,1.8998888999999999,2,1.92714753978777
2000,food,long_tenured,102.45340350000001,43,309.64908748679096
2000,guard,long_tenured,24.6767639,9,102.37771904812081
2000,janitor,long_tenured,56.4166637,26,173.1958035540689
2000,mechanic,long_tenured,104.6990692,40,361.77671486924896
2000,mgmtrel,long_tenured,213.02141930000002,85,579.9188303386072
2000,mining,long_tenured,8.9392557,4,34.2533461077976
2000,operator,long_tenured,345.0124937,134,1251.8550412922402
2000,otheragr,long_tenured,22.5352337,11,51.98560468484475
2000,othpers,long_tenured,2.7868377,2,6.045164559845528
2000,product,long_tenured,155.9244145,62,536.2394740297076
2000,prof,long_tenured,370.7485393,152,974.3293791040952
2000,recreation,long_tenured,4.2233167,3,7.223489709230376
2000,retsales,long_tenured,202.1762629,79,537.7780340765806
2000,shealth,long_tenured,30.631057799999997,18,69.26951430400312
2000,tech,long_tenured,127.0106731,53,416.0534629448549
2000,transp,long_tenured,251.5849234,100,799.5077422963984
2002,beauty,all_tenures,37.12434,14,109.86176261099497
2002,child,all_tenures,13.3268726,6,35.73251122205346
2002,clean,all_tenures,60.831359299999995,27,192.19278456736416
2002,cleric,all_tenures,1469.6377756999998,686,5192.269123088721
2002,constr,all_tenures,487.0515294,213,1509.4011819423647
2002,exec,all_tenures,1048.4866001999999,476,3083.0510700395585
2002,farmer,all_tenures,1.8138766,1,3.6585126646015005
2002,finsales,all_tenures,356.53738530000004,165,1141.2899413485043
2002,firepol,all_tenures,9.1236494,5,26.845522585974248
2002,food,all_tenures,347.8430266,157,1313.433488960386
2002,guard,all_tenures,91.2656105,32,293.908578966247
2002,janitor,all_tenures,200.1933279,87,598.8262681312219
2002,mechanic,all_tenures,338.1029706,154,1016.1443792849506
2002,mgmtrel,all_tenures,452.7505819,208,1214.9701132997823
2002,mining,all_tenures,15.0214105,9,35.977229568961306
2002,operator,all_tenures,1090.4086496000002,475,3025.1553631068987
2002,otheragr,all_tenures,60.7075026,27,238.2481714372229
2002,othpers,all_tenures,23.8733363,10,95.55957708642063
2002,product,all_tenures,306.8154077,143,890.1739862526638
2002,prof,all_tenures,1044.1041883999999,480,2824.2855866373393
2002,recreation,all_tenures,24.4989462,13,98.89457306527457
2002,retsales,all_tenures,732.6407514,324,2128.0939014564324
2002,shealth,all_tenures,99.7176668,40,299.53798563658137
2002,tech,all_tenures,326.2141523,142,932.5168351076386
2002,transp,all_tenures,938.3433749000001,421,2813.3100822995943
2002,beauty,long_tenured,12.8948652,4,45.49803117518796
2002,child,long_tenured,5.4924897,2,17.3518273643423
2002,clean,long_tenured,24.1426145,11,68.85763661037893
2002,cleric,long_tenured,548.3332905999999,275,1376.4325371754896
2002,constr,long_tenured,148.2582826,61,429.5859160853839
2002,exec,long_tenured,528.0362848999999,249,1500.0046679326176
2002,farmer,long_tenured,1.8138766,1,3.2563374993519
2002,finsales,long_tenured,192.58213329999998,89,477.18087353513357
2002,firepol,long_tenured,1.2959334999999998,2,1.2083097833810084
2002,food,long_tenured,74.306636,40,266.5173238631278
2002,guard,long_tenured,22.4382262,8,83.73177715888501
2002,janitor,long_tenured,74.8284556,33,237.37859480150323
2002,mechanic,long_tenured,140.9822984,61,423.45140681138577
2002,mgmtrel,long_tenured,230.85732879999998,110,625.9373814116004
2002,mining,long_tenured,5.7220352000000005,4,11.63114643170565
2002,operator,long_tenured,536.8401904,230,1451.290048293023
2002,otheragr,long_tenured,25.3910348,12,78.91822644509179
2002,othpers,long_tenured,2.3935564,1,5.640440553050602
2002,product,long_tenured,186.2838903,87,520.3805520807397
2002,prof,long_tenured,437.13498810000004,210,1343.2293688924162
2002,recreation,long_tenured,8.0646726,4,35.75813166401455
2002,retsales,long_tenured,253.8437255,113,603.6574039820835
2002,shealth,long_tenured,18.6615459,9,47.46070685494276
2002,tech,long_tenured,135.9839757,62,367.60150331211815
2002,transp,long_tenured,287.2915203,133,899.6566170646895
2004,beauty,all_tenures,9.6257361,4,22.73033745527414
2004,child,all_tenures,44.9596595,20,140.51882440777297
2004,clean,all_tenures,83.9162384,34,291.05440576117326
2004,cleric,all_tenures,1728.7790046,744,4574.850703512456
2004,constr,all_tenures,709.1326541000001,294,2482.864985017598
2004,exec,all_tenures,1054.1940925000001,459,3710.070618725831
2004,farmer,all_tenures,1.5780830999999997,3,0.8452909144953308
2004,finsales,all_tenures,380.7000278,163,1108.9176270674718
2004,firepol,all_tenures,21.3978276,8,67.55142800278256
2004,food,all_tenures,435.6955526,192,1626.463813244913
2004,guard,all_tenures,105.2762724,41,382.41170535419883
2004,janitor,all_tenures,202.6662676,78,594.7041120044007
2004,mechanic,all_tenures,451.2695062,201,1266.1530220354198
2004,mgmtrel,all_tenures,482.8318127,194,1405.1030191452908
2004,mining,all_tenures,18.3443385,7,82.08205105155913
2004,operator,all_tenures,1272.3728123,498,4174.862869753226
2004,otheragr,all_tenures,71.5624468,29,270.54713761188526
2004,othpers,all_tenures,47.026024400000004,15,175.06915905675808
2004,product,all_tenures,315.1658638,138,847.9947338796372
2004,prof,all_tenures,1341.6141074000002,553,4364.511252677466
2004,recreation,all_tenures,39.9072238,18,123.95116020598567
2004,retsales,all_tenures,870.4085807,347,3084.4541706378595
2004,shealth,all_tenures,190.4923265,75,652.6297847801909
2004,tech,all_tenures,363.8057862,148,1003.8990204633615
2004,transp,all_tenures,934.2857955000001,373,3151.9750260336164
2004,beauty,long_tenured,2.9208456000000003,1,8.268753835664405
2004,child,long_tenured,19.9834224,8,59.53415726942111
2004,clean,long_tenured,39.8774592,13,164.07196848375597
2004,cleric,long_tenured,819.7818775,344,2475.954644484309
2004,constr,long_tenured,223.8714317,94,909.6288191123513
2004,exec,long_tenured,633.3968653,274,1841.010566001418
2004,farmer,long_tenured,0.5974103000000001,1,0.4060040737924817
2004,finsales,long_tenured,239.22820800000002,100,761.2193071706038
2004,firepol,long_tenured,11.582978500000001,4,43.10543046816984
2004,food,long_tenured,106.3719422,53,353.2589621320959
2004,guard,long_tenured,29.265758,11,106.85624944776225
2004,janitor,long_tenured,66.4819534,29,178.39485038245283
2004,mechanic,long_tenured,254.6338967,115,756.360933966357
2004,mgmtrel,long_tenured,256.09361590000003,103,773.8720295405562
2004,mining,long_tenured,6.1866493,4,10.873357194233073
2004,operator,long_tenured,700.3267274,271,2429.109875664041
2004,otheragr,long_tenured,36.6071029,16,147.34401349371208
2004,othpers,long_tenured,20.6001093,6,88.44026531710102
2004,product,long_tenured,198.9380667,87,698.8860124824782
2004,prof,long_tenured,630.8018495,257,2312.6663471496763
2004,recreation,long_tenured,11.7697248,7,29.38178343521497
2004,retsales,long_tenured,300.3147488,130,885.1112835516473
2004,shealth,long_tenured,71.7207093,28,230.0167521100663
2004,tech,long_tenured,189.1474914,77,598.7431386636563
2004,transp,long_tenured,413.2102523,155,1348.611297614594
2006,beauty,all_tenures,7.9780809,3,24.45913827057392
2006,child,all_tenures,38.92177349999999,19,92.45441219791161
2006,clean,all_tenures,34.217727100000005,16,109.11515495282623
2006,cleric,all_tenures,1245.6944145,524,3419.366498022579
2006,constr,all_tenures,505.1027952,212,1921.3650413201144
2006,exec,all_tenures,791.8083188999999,332,2500.6533521474053
2006,farmer,all_tenures,4.0397956,3,9.184957315220895
2006,finsales,all_tenures,282.7786858,117,976.0247330402643
2006,firepol,all_tenures,10.941584,4,33.58061781863391
2006,food,all_tenures,441.49673859999996,180,1488.580879360985
2006,guard,all_tenures,66.9630741,24,231.24405699765862
2006,janitor,all_tenures,199.2451522,86,800.9434276201583
2006,mechanic,all_tenures,334.1396052,134,1237.0410491102593
2006,mgmtrel,all_tenures,279.1831297,130,874.4443861291438
2006,mining,all_tenures,10.4573877,6,28.59115289145546
2006,operator,all_tenures,804.6288504,312,2662.4579566944703
2006,otheragr,all_tenures,34.653799400000004,15,103.07125499473212
2006,othpers,all_tenures,40.7006656,18,119.55556828205005
2006,product,all_tenures,204.7297241,84,622.6682559852231
2006,prof,all_tenures,946.2297552,401,3293.4766851694385
2006,recreation,all_tenures,45.5894847,19,127.60916787270216
2006,retsales,all_tenures,541.0055447,220,1557.9098641505307
2006,shealth,all_tenures,129.2169882,51,497.26907971059734
2006,tech,all_tenures,214.67532500000002,97,623.8655610855254
2006,transp,all_tenures,714.5936494,284,2496.0954670962255
2006,beauty,long_tenured,5.2395099,2,19.318600519466106
2006,child,long_tenured,3.9674126999999997,3,4.91551449790274
2006,clean,long_tenured,14.4210637,5,51.741082480984716
2006,cleric,long_tenured,603.6133127999999,263,1840.264836966544
2006,constr,long_tenured,178.9744995,69,603.6315890290284
2006,exec,long_tenured,534.7171783,223,1689.3118350626626
2006,farmer,long_tenured,3.4163967,2,7.5847926331264475
2006,finsales,long_tenured,166.3647436,69,490.4395404317007
2006,firepol,long_tenured,9.3858487,3,34.10960445033413
2006,food,long_tenured,117.51438800000001,53,308.17534881850685
2006,guard,long_tenured,12.5517016,6,36.993621958807786
2006,janitor,long_tenured,89.4926565,35,422.75072045849
2006,mechanic,long_tenured,173.0527325,71,663.525195729136
2006,mgmtrel,long_tenured,163.81395569999998,71,575.3431676658485
2006,mining,long_tenured,1.3845178999999999,2,1.1651355440949351
2006,operator,long_tenured,393.1699648,161,1074.971208804383
2006,otheragr,long_tenured,4.7716583,2,11.423787440308207
2006,othpers,long_tenured,10.6163945,4,28.044824250557625
2006,product,long_tenured,127.0396523,53,357.7833071954849
2006,prof,long_tenured,475.6521257,212,1528.9801977155262
2006,recreation,long_tenured,19.866067199999996,7,82.8543107790866
2006,retsales,long_tenured,198.5393809,85,582.0966126074777
2006,shealth,long_tenured,56.6074317,23,255.88279118426016
2006,tech,long_tenured,123.7719948,57,423.22252820957794
2006,transp,long_tenured,292.67677679999997,118,1081.7909683452394
2008,beauty,all_tenures,39.3664681,12,137.31127018553872
2008,child,all_tenures,58.4557613,22,242.5385044173797
2008,clean,all_tenures,52.0242015,19,145.14640068797473
2008,cleric,all_tenures,1248.717239,513,4147.037281919595
2008,constr,all_tenures,621.4828114999999,225,2352.768207788224
2008,exec,all_tenures,689.2329399,288,2163.9057185256606
2008,finsales,all_tenures,290.59848800000003,117,906.657233457129
2008,firepol,all_tenures,12.350513500000002,6,36.246923522749064
2008,food,all_tenures,373.7819205,152,1077.5872515679127
2008,guard,all_tenures,59.5902224,23,213.49305624469253
2008,janitor,all_tenures,136.7070148,58,472.0842059618469
2008,mechanic,all_tenures,411.2068937,145,1499.414705902964
2008,mgmtrel,all_tenures,336.52813760000004,132,1158.493810297722
2008,mining,all_tenures,3.7312909,1,14.613411184099567
2008,operator,all_tenures,714.2341954,267,2582.964801576406
2008,otheragr,all_tenures,40.8402042,20,146.07391150794854
2008,othpers,all_tenures,20.135969,9,50.09281421261699
2008,product,all_tenures,197.96476149999998,80,663.284252812247
2008,prof,all_tenures,893.4278425,353,2948.417597483813
2008,recreation,all_tenures,26.8230446,10,171.20877666605773
2008,retsales,all_tenures,601.9415505999999,228,2022.8162178435991
2008,shealth,all_tenures,130.1403505,50,413.08332876919565
2008,tech,all_tenures,228.3628692,95,605.4275017687631
2008,transp,all_tenures,823.5188711,308,3290.1507798498346
2008,beauty,long_tenured,9.992104999999999,4,29.213509858756293
2008,child,long_tenured,19.0935122,8,74.29150147074937
2008,clean,long_tenured,19.7955719,9,47.05615182970333
2008,cleric,long_tenured,594.4979078,253,1839.9257693086545
2008,constr,long_tenured,173.6756101,62,538.6724074543386
2008,exec,long_tenured,428.5537158,179,1192.4023291326075
2008,finsales,long_tenured,210.76366330000002,87,603.9403182482422
2008,firepol,long_tenured,5.0289086,2,17.73376576668836
2008,food,long_tenured,131.3825913,55,354.0497333427185
2008,guard,long_tenured,8.6685141,6,17.293290542518793
2008,janitor,long_tenured,52.1844155,23,195.1144114472753
2008,mechanic,long_tenured,176.81733970000002,67,636.9874170172498
2008,mgmtrel,long_tenured,169.9121716,71,492.57249228592207
2008,operator,long_tenured,402.7513181,152,1377.0364062517183
2008,otheragr,long_tenured,22.1036538,12,58.274366952347464
2008,othpers,long_tenured,8.642012000000001,5,19.851313423892588
2008,product,long_tenured,128.04494069999998,51,397.2614585104395
2008,prof,long_tenured,434.01306800000003,183,1226.2938184104912
2008,recreation,long_tenured,11.5391936,5,34.00566059309096
2008,retsales,long_tenured,203.4232013,77,682.7565428875945
2008,shealth,long_tenured,50.30152030000001,22,143.18037077697028
2008,tech,long_tenured,103.1568443,46,338.64056588423017
2008,transp,long_tenured,249.84990299999998,93,777.9689724284023
2010,beauty,all_tenures,43.657451699999996,24,111.54207997118469
2010,child,all_tenures,48.0838767,19,142.51160261015107
2010,clean,all_tenures,91.7905937,40,242.78134588249821
2010,cleric,all_tenures,2219.1683,864,7649.839872332853
2010,constr,all_tenures,1250.3296538,487,4676.1335370271645
2010,exec,all_tenures,1301.5381058,505,4344.89424153318
2010,farmer,all_tenures,8.3511268,7,18.178005211714055
2010,finsales,all_tenures,579.0126008,225,1791.328682073391
2010,firepol,all_tenures,12.3158779,5,50.8872869557688
2010,food,all_tenures,671.9105494,263,2277.383948027503
2010,guard,all_tenures,124.1747195,50,386.36850624277673
2010,janitor,all_tenures,377.23149770000003,142,1407.1577787566175
2010,mechanic,all_tenures,610.3460659000001,234,2124.9817570256564
2010,mgmtrel,all_tenures,646.8311802000001,256,2205.793823854113
2010,mining,all_tenures,61.3358628,25,207.9950542317928
2010,operator,all_tenures,1269.6983979,500,4554.343679121752
2010,otheragr,all_tenures,86.3212792,37,282.8504729959945
2010,othpers,all_tenures,66.1145144,29,228.2485012012668
2010,product,all_tenures,369.3367006,152,1239.2325706623894
2010,prof,all_tenures,1547.5525937999998,630,4511.620088189985
2010,recreation,all_tenures,71.66843850000001,29,212.3529283146517
2010,retsales,all_tenures,1083.1331999,400,4420.849588630476
2010,shealth,all_tenures,276.8821275,104,853.5016908173112
2010,tech,all_tenures,398.1184514,160,1170.3935883406596
2010,transp,all_tenures,1717.3578031,633,5788.293127327991
2010,beauty,long_tenured,15.863391799999999,8,43.681490350872416
2010,child,long_tenured,21.7093952,9,74.51085034322698
2010,clean,long_tenured,34.7339516,13,123.69383488745956
2010,cleric,long_tenured,1091.7609901,437,3835.939187372512
2010,constr,long_tenured,568.5700208000001,218,1576.506880243162
2010,exec,long_tenured,769.1408281,297,2535.298129688078
2010,farmer,long_tenured,5.6232851,3,14.002058680711288
2010,finsales,long_tenured,327.5433028,131,1030.3016691653734
2010,firepol,long_tenured,5.440716899999999,2,29.509174917406472
2010,food,long_tenured,169.0965838,77,563.0778710531481
2010,guard,long_tenured,45.5788735,15,157.67783109534213
2010,janitor,long_tenured,131.0986088,50,519.426387490431
2010,mechanic,long_tenured,304.6493147,115,972.8754282677555
2010,mgmtrel,long_tenured,347.9573372,135,1022.2627128020682
2010,mining,long_tenured,29.2405429,10,87.284734007255
2010,operator,long_tenured,647.3106806,261,2093.733390699202
2010,otheragr,long_tenured,26.3857872,13,73.68355893664959
2010,othpers,long_tenured,22.551376500000003,9,56.119053427431844
2010,product,long_tenured,217.9939641,93,734.474249142867
2010,prof,long_tenured,738.8264338,297,2555.6778874707725
2010,recreation,long_tenured,32.1265719,11,100.47551604615609
2010,retsales,long_tenured,338.3430803,129,1215.9851688708034
2010,shealth,long_tenured,108.11247780000001,43,360.41642344569794
2010,tech,long_tenured,215.5147082,87,674.7978059203485
2010,transp,long_tenured,651.3779862,259,2165.165537875748
2012,beauty,all_tenures,46.5542322,18,179.86459764722343
2012,child,all_tenures,67.229521,27,233.05714858665277
2012,clean,all_tenures,140.2371703,50,472.5965494157538
2012,cleric,all_tenures,1796.5998762999998,692,6348.13778040008
2012,constr,all_tenures,902.1253214,335,2433.3268996334923
2012,exec,all_tenures,1157.1491065,443,3830.5663205773103
2012,finsales,all_tenures,417.6996801,155,1379.273341469926
2012,firepol,all_tenures,19.4430508,7,59.815395630494855
2012,food,all_tenures,679.0039932000001,252,2811.663320262193
2012,guard,all_tenures,116.4378627,38,503.1491152180421
2012,janitor,all_tenures,350.0839159,123,1241.063200416515
2012,mechanic,all_tenures,511.8122818,184,1485.6736200989405
2012,mgmtrel,all_tenures,528.1745782,211,1858.4181005564146
2012,mining,all_tenures,22.3143416,10,83.75024729442491
2012,operator,all_tenures,884.9036728,323,3362.7701752067696
2012,otheragr,all_tenures,60.9524125,25,149.891926176834
2012,othpers,all_tenures,44.9219807,17,149.81927375460788
2012,product,all_tenures,322.3504337,110,992.2640635597395
2012,prof,all_tenures,1456.790065,583,3780.4967773326225
2012,recreation,all_tenures,49.2984823,20,144.57591295482044
2012,retsales,all_tenures,1025.0840261,367,3951.424248174448
2012,shealth,all_tenures,263.8673994,102,864.1102541498105
2012,tech,all_tenures,293.9711852,112,1026.153010535069
2012,transp,all_tenures,1329.1164272,472,5346.587617591227
2012,beauty,long_tenured,9.42061,5,20.166460460410924
2012,child,long_tenured,22.3834687,7,81.52070984555857
2012,clean,long_tenured,44.8151521,19,143.4928900353
2012,cleric,long_tenured,966.9684007999999,377,3238.924734777352
2012,constr,long_tenured,371.39402640000003,143,1636.4562019778014
2012,exec,long_tenured,715.5521348,283,2934.76629683956
2012,finsales,long_tenured,246.2822194,97,830.5469120429661
2012,firepol,long_tenured,7.4943637,3,29.060202244449968
2012,food,long_tenured,196.6368056,73,636.2759268913177
2012,guard,long_tenured,41.5242383,16,128.4457936778956
2012,janitor,long_tenured,157.380102,52,454.6856473059737
2012,mechanic,long_tenured,227.7661257,80,642.0446151924983
2012,mgmtrel,long_tenured,286.8750825,113,1050.469030154983
2012,mining,long_tenured,6.7164902,5,8.55869058314316
2012,operator,long_tenured,436.4241161,163,1407.2201036832257
2012,otheragr,long_tenured,29.9866044,12,88.37572532685752
2012,othpers,long_tenured,18.2184241,6,59.07166754805362
2012,product,long_tenured,210.3862297,69,743.50392555242
2012,prof,long_tenured,775.7986106999999,314,2677.9548151480953
2012,recreation,long_tenured,20.472403,9,57.661575245872434
2012,retsales,long_tenured,386.7569805,132,1146.7222796921099
2012,shealth,long_tenured,108.5317847,40,452.310701152055
2012,tech,long_tenured,179.1596447,72,650.7502598385795
2012,transp,long_tenured,557.6327863,196,1759.5782964686446
2014,beauty,all_tenures,36.1975352,12,131.30427017484817
2014,child,all_tenures,70.7185292,24,246.0886228851189
2014,clean,all_tenures,69.74467870000001,31,239.89400917315933
2014,cleric,all_tenures,1355.9699284,486,4743.52176875327
2014,constr,all_tenures,631.3250049000001,213,2441.47522138615
2014,exec,all_tenures,769.8188848,291,2802.3839948967498
2014,farmer,all_tenures,7.1168978,3,16.724660886090895
2014,finsales,all_tenures,278.8317563,105,936.3685929131924
2014,firepol,all_tenures,20.507822100000002,7,78.80874642924293
2014,food,all_tenures,505.8994547,187,1570.0387799091873
2014,guard,all_tenures,75.9511002,28,314.22609167483967
2014,janitor,all_tenures,224.3947435,80,911.2995198454787
2014,mechanic,all_tenures,277.9786296,103,1007.6999521281584
2014,mgmtrel,all_tenures,445.1195429,153,1712.2951594086264
2014,mining,all_tenures,31.8662187,13,115.88296623544306
2014,operator,all_tenures,595.0578317,197,2262.912531101525
2014,otheragr,all_tenures,76.19865519999999,27,288.13015693669985
2014,othpers,all_tenures,49.859976800000005,18,154.7427010898955
2014,product,all_tenures,241.6205735,94,928.8995816103384
2014,prof,all_tenures,1179.6544729,431,4412.092984876614
2014,recreation,all_tenures,47.7810535,17,153.15102774606677
2014,retsales,all_tenures,769.4243003,255,3225.792609253091
2014,shealth,all_tenures,246.0079446,78,877.4934926071642
2014,tech,all_tenures,264.61417190000003,93,1038.3607021184591
2014,transp,all_tenures,876.4389169,298,3849.600857601336
2014,beauty,long_tenured,9.9176635,4,28.42284881555242
2014,child,long_tenured,29.6763464,8,110.96164603164807
2014,clean,long_tenured,12.410373799999999,7,25.67873784456765
2014,cleric,long_tenured,670.7550556,249,2391.473761587195
2014,constr,long_tenured,250.81748720000002,85,993.1524446735208
2014,exec,long_tenured,426.0930603,166,1737.5411147210682
2014,farmer,long_tenured,3.9897863,2,10.060277186482706
2014,finsales,long_tenured,155.0216806,60,564.0913978618477
2014,firepol,long_tenured,15.8475499,4,64.71169243602458
2014,food,long_tenured,173.1695298,61,577.4447077145567
2014,guard,long_tenured,30.891592799999998,8,104.27519173567866
2014,janitor,long_tenured,101.17298389999999,38,387.6016926058091
2014,mechanic,long_tenured,151.41673989999998,60,456.17955365515064
2014,mgmtrel,long_tenured,217.92761299999998,80,839.218644310894
2014,mining,long_tenured,15.2850642,7,37.40309550704028
2014,operator,long_tenured,281.60112050000004,92,1048.819490588926
2014,otheragr,long_tenured,29.6016737,12,101.57454337563436
2014,othpers,long_tenured,27.3614195,9,92.49010117495025
2014,product,long_tenured,172.42115479999998,64,632.898226072679
2014,prof,long_tenured,632.5982361,244,1793.4228149964947
2014,recreation,long_tenured,17.183593600000002,6,56.37662964568849
2014,retsales,long_tenured,251.5204056,90,934.7907870101284
2014,shealth,long_tenured,100.8049302,31,366.7934534848972
2014,tech,long_tenured,142.72465340000002,47,436.23742796651163
2014,transp,long_tenured,289.7850331,105,1066.052887507976
2016,beauty,all_tenures,53.7724441,14,286.87406760634013
2016,child,all_tenures,37.8567284,13,146.6132787484364
2016,clean,all_tenures,35.0592147,13,106.96326125002322
2016,cleric,all_tenures,1065.6270375000001,356,3986.2910014626664
2016,constr,all_tenures,359.387907,130,1465.335440331104
2016,exec,all_tenures,768.2739730999999,260,3024.9249662558286
2016,farmer,all_tenures,1.2659381,1,1.7354781072276986
2016,finsales,all_tenures,272.7093266,82,943.0599527492635
2016,firepol,all_tenures,11.983883699999998,5,39.09443623385765
2016,food,all_tenures,372.7685279,131,1403.9318063670275
2016,guard,all_tenures,49.8684424,18,183.70003085817135
2016,janitor,all_tenures,178.6125706,64,778.09094551037
2016,mechanic,all_tenures,279.01114970000003,92,1198.3479989089124
2016,mgmtrel,all_tenures,345.79626779999995,111,1428.1287480466833
2016,mining,all_tenures,51.8443397,30,144.46491352986786
2016,operator,all_tenures,420.196554,138,1988.1680499501106
2016,otheragr,all_tenures,22.4432492,10,70.71618926455561
2016,othpers,all_tenures,24.7860619,12,77.93065947914661
2016,product,all_tenures,164.72223860000003,57,627.8443070661058
2016,prof,all_tenures,1101.7218745,373,4512.6915582714355
2016,recreation,all_tenures,17.6451199,8,53.404242457642674
2016,retsales,all_tenures,490.4715976,158,2024.4391996162544
2016,shealth,all_tenures,170.96218340000001,56,716.9628134821844
2016,tech,all_tenures,218.3157272,79,769.1566962834496
2016,transp,all_tenures,658.7691798000001,233,2834.2773928673446
2016,beauty,long_tenured,8.6289157,3,27.460234720897695
2016,child,long_tenured,19.0674299,7,68.59014587434797
2016,clean,long_tenured,3.2434786,1,10.127894441519054
2016,cleric,long_tenured,491.7685484,165,1554.860109562937
2016,constr,long_tenured,129.8999064,45,527.8484386572844
2016,exec,long_tenured,513.3901500999999,166,1998.5267215495503
2016,farmer,long_tenured,1.2659381,1,1.5943849450994885
2016,finsales,long_tenured,147.8837308,46,595.8364772647842
2016,firepol,long_tenured,7.0410862,4,18.33326245277037
2016,food,long_tenured,100.3019585,32,351.5712948327173
2016,guard,long_tenured,17.6288157,6,70.63795279498588
2016,janitor,long_tenured,69.2918822,26,331.47193846213617
2016,mechanic,long_tenured,104.4935701,39,361.07819195833275
2016,mgmtrel,long_tenured,174.8622354,61,705.7405152032823
2016,mining,long_tenured,14.3996477,8,33.177130361351765
2016,operator,long_tenured,173.88577189999998,61,674.9896680052605
2016,otheragr,long_tenured,7.6147838000000005,5,18.110363832394466
2016,othpers,long_tenured,13.2031419,5,45.86154899309714
2016,product,long_tenured,78.29744500000001,31,275.70725127399237
2016,prof,long_tenured,500.6406006,186,2054.1740715715255
2016,recreation,long_tenured,7.6047342,2,30.3378727961479
2016,retsales,long_tenured,190.0378729,65,872.1622571070898
2016,shealth,long_tenured,67.3140326,25,253.19524011111156
2016,tech,long_tenured,101.3372054,37,298.72714814924507
2016,transp,long_tenured,210.5433764,81,923.3719564680731
2018,beauty,all_tenures,39.6107215,13,157.60189957852955
2018,child,all_tenures,19.6261367,10,69.4568910634976
2018,clean,all_tenures,54.3590691,15,234.93596348905103
2018,cleric,all_tenures,902.994007,285,3744.906015438585
2018,constr,all_tenures,406.2162983,133,1869.6203504390792
2018,exec,all_tenures,762.3422075,240,3317.629704430415
2018,farmer,all_tenures,3.9896826,1,16.489879779721427
2018,finsales,all_tenures,288.7902771,85,1381.772146775568
2018,firepol,all_tenures,4.0000159,1,17.758935152541905
2018,food,all_tenures,357.5405922,118,1480.2497322010233
2018,guard,all_tenures,88.2814473,21,434.45775990537044
2018,janitor,all_tenures,138.2972175,48,591.124271379934
2018,mechanic,all_tenures,182.2360349,60,612.1189808479678
2018,mgmtrel,all_tenures,318.6618017,105,1208.4951206496853
2018,mining,all_tenures,17.0661552,11,46.530857632860034
2018,operator,all_tenures,446.81230200000005,142,2212.484153842822
2018,otheragr,all_tenures,71.3583355,22,404.4740245670171
2018,othpers,all_tenures,64.067569,19,306.7434822335536
2018,product,all_tenures,121.0801072,42,504.60084403408854
2018,prof,all_tenures,928.1455495,309,3834.9146938919553
2018,recreation,all_tenures,33.9383369,12,126.29129914529267
2018,retsales,all_tenures,474.5653637,141,2024.3918023789033
2018,shealth,all_tenures,134.2420645,41,672.4012226629981
2018,tech,all_tenures,160.9626292,57,622.8969545164591
2018,transp,all_tenures,558.6507153,180,2250.659030814701
2018,beauty,long_tenured,6.7889854,2,26.14054701654126
2018,child,long_tenured,1.0475841000000001,2,0.7806351576072175
2018,clean,long_tenured,17.7871352,5,89.85915654551815
2018,cleric,long_tenured,471.1597655,147,1819.4682537018386
2018,constr,long_tenured,116.6735089,40,480.67725977840956
2018,exec,long_tenured,412.3148018,132,1573.5404362834042
2018,farmer,long_tenured,3.9896826,1,16.899817127207893
2018,finsales,long_tenured,187.1461263,57,822.9012592138937
2018,firepol,long_tenured,4.0000159,1,14.227650797591636
2018,food,long_tenured,100.8933869,35,443.29897572075475
2018,guard,long_tenured,13.4531417,4,73.26061708257853
2018,janitor,long_tenured,44.9612019,19,129.1171572372978
2018,mechanic,long_tenured,82.77959179999999,28,300.3811863499343
2018,mgmtrel,long_tenured,163.96304139999998,61,569.8387969970573
2018,mining,long_tenured,14.5314596,9,45.927339057611654
2018,operator,long_tenured,186.3732347,62,616.9977529137238
2018,otheragr,long_tenured,33.9268517,12,209.0309001702073
2018,othpers,long_tenured,25.6733209,8,113.73131983371539
2018,product,long_tenured,62.8547291,23,203.64940588036202
2018,prof,long_tenured,451.640369,161,1359.8826348304015
2018,recreation,long_tenured,19.0514887,6,74.66591092471917
2018,retsales,long_tenured,159.54679959999999,57,575.4396486686845
2018,shealth,long_tenured,66.6754428,22,281.70527399172937
2018,tech,long_tenured,96.542446,35,393.19883166286854
2018,transp,long_tenured,194.1549847,61,812.4881285880354
2020,beauty,all_tenures,47.1501722,11,253.29916999204494
2020,child,all_tenures,21.1398599,6,81.92121811380915
2020,clean,all_tenures,58.419812,14,324.69364047313167
2020,cleric,all_tenures,780.6316726,231,4157.059108319013
2020,constr,all_tenures,265.2823111,77,1375.9030749749213
2020,exec,all_tenures,832.7895016,235,3411.1361965504475
2020,farmer,all_tenures,2.0022077,3,2.0769946811716724
2020,finsales,all_tenures,197.6383608,56,828.1984125861412
2020,firepol,all_tenures,5.5540662,2,19.34195398210747
2020,food,all_tenures,323.35249089999996,97,1595.195921227512
2020,guard,all_tenures,63.8772212,17,587.5946313211628
2020,janitor,all_tenures,164.0645943,44,629.9327946161231
2020,mechanic,all_tenures,182.3814537,57,698.2634260665922
2020,mgmtrel,all_tenures,357.7104107,106,1620.6833121287716
2020,mining,all_tenures,10.386674800000002,4,42.411593922456944
2020,operator,all_tenures,452.8084459,120,2394.8526513234488
2020,otheragr,all_tenures,14.0412183,5,78.72176536652132
2020,othpers,all_tenures,50.5005606,16,252.7437710823321
2020,product,all_tenures,46.1609564,21,116.07866765599377
2020,prof,all_tenures,895.2015451,278,3761.133533661979
2020,recreation,all_tenures,27.245706,5,177.15397552611577
2020,retsales,all_tenures,505.80293109999997,137,2642.5049947663606
2020,shealth,all_tenures,125.3075635,34,568.8968002235775
2020,tech,all_tenures,182.2948877,53,819.8252576170969
2020,transp,all_tenures,526.6709444,158,2295.6597120997617
2020,beauty,long_tenured,14.7114456,4,69.67862813450364
2020,child,long_tenured,5.711985800000001,1,29.674795819913577
2020,clean,long_tenured,6.810191,3,17.791166126522207
2020,cleric,long_tenured,342.7648418,111,1517.7155853256672
2020,constr,long_tenured,62.792303700000005,21,331.302887795735
2020,exec,long_tenured,498.6788914,143,2532.39804004279
2020,farmer,long_tenured,2.0022077,3,2.192835207670603
2020,finsales,long_tenured,106.8415611,30,349.9828512400173
2020,firepol,long_tenured,5.5540662,2,19.094570171414595
2020,food,long_tenured,76.40908470000001,27,322.29583035626496
2020,guard,long_tenured,16.2816452,5,74.62866894016352
2020,janitor,long_tenured,80.3742136,21,323.3594298747094
2020,mechanic,long_tenured,104.8051616,31,464.54999517294596
2020,mgmtrel,long_tenured,183.0179398,57,968.6315858064572
2020,mining,long_tenured,4.00882,1,11.240966972427728
2020,operator,long_tenured,177.7595373,50,756.5586891897218
2020,otheragr,long_tenured,7.6819192,3,65.19449159300777
2020,othpers,long_tenured,9.1973878,4,29.117668808663502
2020,product,long_tenured,31.124709600000003,11,125.82582281508346
2020,prof,long_tenured,404.0268102,130,1365.482054447486
2020,retsales,long_tenured,175.11989920000002,48,751.3866754179325
2020,shealth,long_tenured,43.690650399999996,12,183.44503444797036
2020,tech,long_tenured,93.8769266,29,430.98168845814564
2020,transp,long_tenured,198.29279630000002,56,1144.8307923699329
2022,beauty,all_tenures,80.4711277,16,436.15534195968513
2022,child,all_tenures,52.667292800000006,14,314.33528894137226
2022,clean,all_tenures,124.34825190000001,28,763.9721633818117
2022,cleric,all_tenures,1147.2416033000002,284,5430.674432787162
2022,constr,all_tenures,316.20948969999995,77,1596.178218570384
2022,exec,all_tenures,891.0066626,214,4048.331416269193
2022,farmer,all_tenures,5.5167150000000005,2,18.119625227362707
2022,finsales,all_tenures,254.5353767,60,1505.1216251568053
2022,firepol,all_tenures,13.453259000000001,4,63.353389897714514
2022,food,all_tenures,1000.1078847,231,6323.930659061457
2022,guard,all_tenures,97.3057503,18,767.7568477380753
2022,janitor,all_tenures,206.98490890000002,55,1087.492795516518
2022,mechanic,all_tenures,174.62825339999998,44,968.5897200574666
2022,mgmtrel,all_tenures,339.43976790000005,78,2104.715618326704
2022,mining,all_tenures,10.4954658,3,47.50367533217726
2022,operator,all_tenures,304.7421432,69,1858.2634413403925
2022,otheragr,all_tenures,31.401254400000003,10,117.88882632811247
2022,othpers,all_tenures,59.0763389,15,256.2508072189001
2022,product,all_tenures,89.0469623,28,481.2837806245537
2022,prof,all_tenures,1236.2961653,302,6859.41122719672
2022,recreation,all_tenures,94.6493906,27,436.2192098869464
2022,retsales,all_tenures,571.0637578000001,137,2907.886680710981
2022,shealth,all_tenures,157.0775504,38,1041.058101928391
2022,tech,all_tenures,265.7216763,56,1471.3674394684017
2022,transp,all_tenures,690.8748995000001,167,4013.09835273405
2022,beauty,long_tenured,57.158263500000004,11,344.7456361872364
2022,child,long_tenured,5.419421900000001,4,8.214704615887312
2022,clean,long_tenured,60.5842391,14,337.31676394985567
2022,cleric,long_tenured,502.9065928,132,2696.559758555557
2022,constr,long_tenured,139.7314118,33,732.9300091709858
2022,exec,long_tenured,495.5432209,125,2273.6400321138017
2022,farmer,long_tenured,5.5167150000000005,2,19.909189776867688
2022,finsales,long_tenured,126.4775059,32,668.9578773858381
2022,firepol,long_tenured,9.177517400000001,3,42.620609525556894
2022,food,long_tenured,283.7795321,73,1370.2213289171618
2022,guard,long_tenured,27.5476397,6,145.60388294164096
2022,janitor,long_tenured,70.7815135,21,350.40040617510107
2022,mechanic,long_tenured,98.1671041,23,610.1824589271503
2022,mgmtrel,long_tenured,165.0865852,39,800.2378174379987
2022,operator,long_tenured,141.8643046,32,807.3421613129537
2022,otheragr,long_tenured,4.0984762,3,7.583453937264027
2022,othpers,long_tenured,24.0018162,7,107.01409209650134
2022,product,long_tenured,38.215808300000006,15,159.98569042666327
2022,prof,long_tenured,604.8423654999999,156,3042.662743796067
2022,recreation,long_tenured,57.4114026,16,224.27810787879724
2022,retsales,long_tenured,209.1198463,52,990.2065776196101
2022,shealth,long_tenured,72.32973879999999,14,468.07954540892763
2022,tech,long_tenured,114.1005709,23,743.4424407227845
2022,transp,long_tenured,209.0918478,59,1331.0843046838957
2024,beauty,all_tenures,34.0104841,9,159.19436409411162
2024,child,all_tenures,34.1733015,8,186.20313892537277
2024,clean,all_tenures,35.391250400000004,8,259.95518242927494
2024,cleric,all_tenures,850.7622903,198,5426.102698403334
2024,constr,all_tenures,287.468174,67,1606.0373201676944
2024,exec,all_tenures,789.113814,201,4260.577989506582
2024,finsales,all_tenures,179.9279223,47,1043.5495530610692
2024,firepol,all_tenures,11.841461500000001,3,46.33430010704505
2024,food,all_tenures,364.35804729999995,80,2512.465709826634
2024,guard,all_tenures,26.6812251,7,151.15454785217187
2024,janitor,all_tenures,144.6197622,35,837.1186304388787
2024,mechanic,all_tenures,184.2638659,41,1076.5625499205116
2024,mgmtrel,all_tenures,278.3029244,64,2013.4219241630349
2024,mining,all_tenures,6.174816799999999,2,29.17699448946458
2024,operator,all_tenures,310.8040598,72,1665.669236062175
2024,otheragr,all_tenures,52.5236445,13,241.89905650751524
2024,othpers,all_tenures,28.2125725,10,119.78080718411408
2024,product,all_tenures,151.2044861,36,724.8832649360846
2024,prof,all_tenures,1008.0059545,244,5447.630685075827
2024,recreation,all_tenures,24.7190499,6,109.0547338889932
2024,retsales,all_tenures,440.1872441,94,2571.9621487433187
2024,shealth,all_tenures,180.5712137,45,915.6498247104522
2024,tech,all_tenures,157.1438852,40,714.1754076001057
2024,transp,all_tenures,510.1556511,116,3050.1367118242447
2024,beauty,long_tenured,19.287243699999998,4,103.31045115077288
2024,child,long_tenured,10.359909599999998,2,52.50829534987799
2024,clean,long_tenured,11.807030300000001,3,63.674160551868695
2024,cleric,long_tenured,342.6415442,89,1698.7574658963485
2024,constr,long_tenured,77.0774086,21,355.5156756479812
2024,exec,long_tenured,443.78645400000005,116,2290.171224487659
2024,finsales,long_tenured,84.5609824,25,329.4330471027633
2024,firepol,long_tenured,3.427949,1,11.11044339942066
2024,food,long_tenured,110.4255922,26,697.5975910938138
2024,guard,long_tenured,19.2824512,6,90.23767021671168
2024,janitor,long_tenured,39.3879863,10,194.3129615993778
2024,mechanic,long_tenured,95.4375266,21,665.7480797508478
2024,mgmtrel,long_tenured,127.29228780000001,28,635.3535301726528
2024,mining,long_tenured,0.5379586000000001,1,0.33436544103409904
2024,operator,long_tenured,89.9999675,22,438.55691574928466
2024,otheragr,long_tenured,21.42352,5,102.1824356439587
2024,othpers,long_tenured,17.584034,5,93.05935650741517
2024,product,long_tenured,73.8126332,19,330.4661248667824
2024,prof,long_tenured,474.4073813,121,2606.339604690015
2024,recreation,long_tenured,8.938937600000001,2,36.356436311279005
2024,retsales,long_tenured,193.0233999,43,905.7691660847458
2024,shealth,long_tenured,75.2371319,18,433.16067715710983
2024,tech,long_tenured,35.410254099999996,11,156.9332898636587
2024,transp,long_tenured,173.4890618,42,1018.4682653593512
